ID;IsTutor;Email;Username;IsDeleted;IsSuspended;IsShowcase
1;1;showcase;ShowcaseUser1;0;0;1
2;1;showcase;ShowcaseUser2;0;0;1
3;1;showcase;ShowcaseUser3;0;0;1
4;1;showcase;ShowcaseUser4;0;0;1
5;1;showcase;ShowcaseUser5;0;0;1
6;1;showcase;ShowcaseUser6;0;0;1
7;1;showcase;ShowcaseUser7;0;0;1
8;1;showcase;ShowcaseUser8;0;0;1
9;1;showcase;ShowcaseUser9;0;0;1
10;1;showcase;ShowcaseUser10;0;0;1
11;1;showcase;ShowcaseUser11;0;0;1
12;1;showcase;ShowcaseUser12;0;0;1
13;1;showcase;ShowcaseUser13;0;0;1
14;1;showcase;ShowcaseUser14;0;0;1
15;1;showcase;ShowcaseUser15;0;0;1
16;1;showcase;ShowcaseUser16;0;0;1
17;1;showcase;ShowcaseUser17;0;0;1
18;1;showcase;ShowcaseUser18;0;0;1
19;1;showcase;ShowcaseUser19;0;0;1
20;1;showcase;ShowcaseUser20;0;0;1
21;1;showcase;ShowcaseUser21;0;0;1
22;1;showcase;ShowcaseUser22;0;0;1
23;1;showcase;ShowcaseUser23;0;0;1
24;1;showcase;ShowcaseUser24;0;0;1
25;1;showcase;ShowcaseUser25;0;0;1
26;1;showcase;ShowcaseUser26;0;0;1
27;1;showcase;ShowcaseUser27;0;0;1
28;1;showcase;ShowcaseUser28;0;0;1
29;1;showcase;ShowcaseUser29;0;0;1
30;1;showcase;ShowcaseUser30;0;0;1
31;1;showcase;ShowcaseUser31;0;0;1
32;1;showcase;ShowcaseUser32;0;0;1
33;1;showcase;ShowcaseUser33;0;0;1
34;1;showcase;ShowcaseUser34;0;0;1
35;1;showcase;ShowcaseUser35;0;0;1
36;1;showcase;ShowcaseUser36;0;0;1
37;1;showcase;ShowcaseUser37;0;0;1
38;1;showcase;ShowcaseUser38;0;0;1
39;1;showcase;ShowcaseUser39;0;0;1
40;1;showcase;ShowcaseUser40;0;0;1
41;1;showcase;ShowcaseUser41;0;0;1
42;1;showcase;ShowcaseUser42;0;0;1
43;1;showcase;ShowcaseUser43;0;0;1
44;1;showcase;ShowcaseUser44;0;0;1
45;1;showcase;ShowcaseUser45;0;0;1
46;1;showcase;ShowcaseUser46;0;0;1
47;1;showcase;ShowcaseUser47;0;0;1
48;1;showcase;ShowcaseUser48;0;0;1
49;1;showcase;ShowcaseUser49;0;0;1
50;1;showcase;ShowcaseUser50;0;0;1
51;1;showcase;ShowcaseUser51;0;0;1
52;1;showcase;ShowcaseUser52;0;0;1
53;1;showcase;ShowcaseUser53;0;0;1
54;1;showcase;ShowcaseUser54;0;0;1
55;1;showcase;ShowcaseUser55;0;0;1
56;1;showcase;ShowcaseUser56;0;0;1
57;1;showcase;ShowcaseUser57;0;0;1
58;1;showcase;ShowcaseUser58;0;0;1
59;1;showcase;ShowcaseUser59;0;0;1
60;1;showcase;ShowcaseUser60;0;0;1
61;1;showcase;ShowcaseUser61;0;0;1
62;1;showcase;ShowcaseUser62;0;0;1
63;1;showcase;ShowcaseUser63;0;0;1
64;1;showcase;ShowcaseUser64;0;0;1
65;1;showcase;ShowcaseUser65;0;0;1
66;1;showcase;ShowcaseUser66;0;0;1
67;1;showcase;ShowcaseUser67;0;0;1
68;1;showcase;ShowcaseUser68;0;0;1
69;1;showcase;ShowcaseUser69;0;0;1
70;1;showcase;ShowcaseUser70;0;0;1
71;1;showcase;ShowcaseUser71;0;0;1
72;1;showcase;ShowcaseUser72;0;0;1
73;1;showcase;ShowcaseUser73;0;0;1
74;1;showcase;ShowcaseUser74;0;0;1
75;1;showcase;ShowcaseUser75;0;0;1
76;1;showcase;ShowcaseUser76;0;0;1
77;1;showcase;ShowcaseUser77;0;0;1
78;1;showcase;ShowcaseUser78;0;0;1
79;1;showcase;ShowcaseUser79;0;0;1
80;1;showcase;ShowcaseUser80;0;0;1
81;1;showcase;ShowcaseUser81;0;0;1
82;1;showcase;ShowcaseUser82;0;0;1
83;1;showcase;ShowcaseUser83;0;0;1
84;1;showcase;ShowcaseUser84;0;0;1
85;1;showcase;ShowcaseUser85;0;0;1
86;1;showcase;ShowcaseUser86;0;0;1
87;1;showcase;ShowcaseUser87;0;0;1
88;1;showcase;ShowcaseUser88;0;0;1
89;1;showcase;ShowcaseUser89;0;0;1
90;1;showcase;ShowcaseUser90;0;0;1
91;1;showcase;ShowcaseUser91;0;0;1
92;1;showcase;ShowcaseUser92;0;0;1
93;1;showcase;ShowcaseUser93;0;0;1
94;1;showcase;ShowcaseUser94;0;0;1
95;1;showcase;ShowcaseUser95;0;0;1
96;1;showcase;ShowcaseUser96;0;0;1
97;1;showcase;ShowcaseUser97;0;0;1
98;1;showcase;ShowcaseUser98;0;0;1
99;1;showcase;ShowcaseUser99;0;0;1
100;1;showcase;ShowcaseUser100;0;0;1
101;1;showcase;ShowcaseUser101;0;0;1
102;1;showcase;ShowcaseUser102;0;0;1
103;1;showcase;ShowcaseUser103;0;0;1
104;1;showcase;ShowcaseUser104;0;0;1
105;1;showcase;ShowcaseUser105;0;0;1
106;1;showcase;ShowcaseUser106;0;0;1
107;1;showcase;ShowcaseUser107;0;0;1
108;1;showcase;ShowcaseUser108;0;0;1
109;1;showcase;ShowcaseUser109;0;0;1
110;1;showcase;ShowcaseUser110;0;0;1
111;1;showcase;ShowcaseUser111;0;0;1
112;1;showcase;ShowcaseUser112;0;0;1
113;1;showcase;ShowcaseUser113;0;0;1
114;1;showcase;ShowcaseUser114;0;0;1
115;1;showcase;ShowcaseUser115;0;0;1
116;1;showcase;ShowcaseUser116;0;0;1
117;1;showcase;ShowcaseUser117;0;0;1
118;1;showcase;ShowcaseUser118;0;0;1
119;1;showcase;ShowcaseUser119;0;0;1
120;1;showcase;ShowcaseUser120;0;0;1
121;1;showcase;ShowcaseUser121;0;0;1
122;1;showcase;ShowcaseUser122;0;0;1
123;1;showcase;ShowcaseUser123;0;0;1
124;1;showcase;ShowcaseUser124;0;0;1
125;1;showcase;ShowcaseUser125;0;0;1
126;1;showcase;ShowcaseUser126;0;0;1
127;1;showcase;ShowcaseUser127;0;0;1
128;1;showcase;ShowcaseUser128;0;0;1
129;1;showcase;ShowcaseUser129;0;0;1
130;1;showcase;ShowcaseUser130;0;0;1
131;1;showcase;ShowcaseUser131;0;0;1
132;1;showcase;ShowcaseUser132;0;0;1
133;1;showcase;ShowcaseUser133;0;0;1
134;1;showcase;ShowcaseUser134;0;0;1
135;1;showcase;ShowcaseUser135;0;0;1
136;1;showcase;ShowcaseUser136;0;0;1
137;1;showcase;ShowcaseUser137;0;0;1
138;1;showcase;ShowcaseUser138;0;0;1
139;1;showcase;ShowcaseUser139;0;0;1
140;1;showcase;ShowcaseUser140;0;0;1
141;1;showcase;ShowcaseUser141;0;0;1
142;1;showcase;ShowcaseUser142;0;0;1
143;1;showcase;ShowcaseUser143;0;0;1
144;1;showcase;ShowcaseUser144;0;0;1
145;1;showcase;ShowcaseUser145;0;0;1
146;1;showcase;ShowcaseUser146;0;0;1
147;1;showcase;ShowcaseUser147;0;0;1
148;1;showcase;ShowcaseUser148;0;0;1
149;1;showcase;ShowcaseUser149;0;0;1
150;1;showcase;ShowcaseUser150;0;0;1
151;1;showcase;ShowcaseUser151;0;0;1
152;1;showcase;ShowcaseUser152;0;0;1
153;1;showcase;ShowcaseUser153;0;0;1
154;1;showcase;ShowcaseUser154;0;0;1
155;1;showcase;ShowcaseUser155;0;0;1
156;1;showcase;ShowcaseUser156;0;0;1
157;1;showcase;ShowcaseUser157;0;0;1
158;1;showcase;ShowcaseUser158;0;0;1
159;1;showcase;ShowcaseUser159;0;0;1
160;1;showcase;ShowcaseUser160;0;0;1
161;1;showcase;ShowcaseUser161;0;0;1
162;1;showcase;ShowcaseUser162;0;0;1
163;1;showcase;ShowcaseUser163;0;0;1
164;1;showcase;ShowcaseUser164;0;0;1
165;1;showcase;ShowcaseUser165;0;0;1
166;1;showcase;ShowcaseUser166;0;0;1
167;1;showcase;ShowcaseUser167;0;0;1
168;1;showcase;ShowcaseUser168;0;0;1
169;1;showcase;ShowcaseUser169;0;0;1
170;1;showcase;ShowcaseUser170;0;0;1
171;1;showcase;ShowcaseUser171;0;0;1
172;1;showcase;ShowcaseUser172;0;0;1
173;1;showcase;ShowcaseUser173;0;0;1
174;1;showcase;ShowcaseUser174;0;0;1
175;1;showcase;ShowcaseUser175;0;0;1
176;1;showcase;ShowcaseUser176;0;0;1
177;1;showcase;ShowcaseUser177;0;0;1
178;1;showcase;ShowcaseUser178;0;0;1
179;1;showcase;ShowcaseUser179;0;0;1
180;1;showcase;ShowcaseUser180;0;0;1
181;1;showcase;ShowcaseUser181;0;0;1
182;1;showcase;ShowcaseUser182;0;0;1
183;1;showcase;ShowcaseUser183;0;0;1
184;1;showcase;ShowcaseUser184;0;0;1
185;1;showcase;ShowcaseUser185;0;0;1
186;1;showcase;ShowcaseUser186;0;0;1
187;1;showcase;ShowcaseUser187;0;0;1
188;1;showcase;ShowcaseUser188;0;0;1
189;1;showcase;ShowcaseUser189;0;0;1
190;1;showcase;ShowcaseUser190;0;0;1
191;1;showcase;ShowcaseUser191;0;0;1
192;1;showcase;ShowcaseUser192;0;0;1
193;1;showcase;ShowcaseUser193;0;0;1
194;1;showcase;ShowcaseUser194;0;0;1
195;1;showcase;ShowcaseUser195;0;0;1
196;1;showcase;ShowcaseUser196;0;0;1
197;1;showcase;ShowcaseUser197;0;0;1
198;1;showcase;ShowcaseUser198;0;0;1
199;1;showcase;ShowcaseUser199;0;0;1
200;1;showcase;ShowcaseUser200;0;0;1
201;1;showcase;ShowcaseUser201;0;0;1
202;1;showcase;ShowcaseUser202;0;0;1
203;1;showcase;ShowcaseUser203;0;0;1
204;1;showcase;ShowcaseUser204;0;0;1
205;1;showcase;ShowcaseUser205;0;0;1
206;1;showcase;ShowcaseUser206;0;0;1
207;1;showcase;ShowcaseUser207;0;0;1
208;1;showcase;ShowcaseUser208;0;0;1
209;1;showcase;ShowcaseUser209;0;0;1
210;1;showcase;ShowcaseUser210;0;0;1
211;1;showcase;ShowcaseUser211;0;0;1
212;1;showcase;ShowcaseUser212;0;0;1
213;1;showcase;ShowcaseUser213;0;0;1
214;1;showcase;ShowcaseUser214;0;0;1
215;1;showcase;ShowcaseUser215;0;0;1
216;1;showcase;ShowcaseUser216;0;0;1
217;1;showcase;ShowcaseUser217;0;0;1
218;1;showcase;ShowcaseUser218;0;0;1
219;1;showcase;ShowcaseUser219;0;0;1
220;1;showcase;ShowcaseUser220;0;0;1
221;1;showcase;ShowcaseUser221;0;0;1
222;1;showcase;ShowcaseUser222;0;0;1
223;1;showcase;ShowcaseUser223;0;0;1
224;1;showcase;ShowcaseUser224;0;0;1
225;1;showcase;ShowcaseUser225;0;0;1
226;1;showcase;ShowcaseUser226;0;0;1
227;1;showcase;ShowcaseUser227;0;0;1
228;1;showcase;ShowcaseUser228;0;0;1
229;1;showcase;ShowcaseUser229;0;0;1
230;1;showcase;ShowcaseUser230;0;0;1
231;1;showcase;ShowcaseUser231;0;0;1
232;1;showcase;ShowcaseUser232;0;0;1
233;1;showcase;ShowcaseUser233;0;0;1
234;1;showcase;ShowcaseUser234;0;0;1
235;1;showcase;ShowcaseUser235;0;0;1
236;1;showcase;ShowcaseUser236;0;0;1
237;1;showcase;ShowcaseUser237;0;0;1
238;1;showcase;ShowcaseUser238;0;0;1
239;1;showcase;ShowcaseUser239;0;0;1
240;1;showcase;ShowcaseUser240;0;0;1
241;1;showcase;ShowcaseUser241;0;0;1
242;1;showcase;ShowcaseUser242;0;0;1
243;1;showcase;ShowcaseUser243;0;0;1
244;1;showcase;ShowcaseUser244;0;0;1
245;1;showcase;ShowcaseUser245;0;0;1
246;1;showcase;ShowcaseUser246;0;0;1
247;1;showcase;ShowcaseUser247;0;0;1
248;1;showcase;ShowcaseUser248;0;0;1
249;1;showcase;ShowcaseUser249;0;0;1
250;1;showcase;ShowcaseUser250;0;0;1
251;1;showcase;ShowcaseUser251;0;0;1
252;1;showcase;ShowcaseUser252;0;0;1
253;1;showcase;ShowcaseUser253;0;0;1
254;1;showcase;ShowcaseUser254;0;0;1
255;1;showcase;ShowcaseUser255;0;0;1
256;1;showcase;ShowcaseUser256;0;0;1
257;1;showcase;ShowcaseUser257;0;0;1
258;1;showcase;ShowcaseUser258;0;0;1
259;1;showcase;ShowcaseUser259;0;0;1
260;1;showcase;ShowcaseUser260;0;0;1
261;1;showcase;ShowcaseUser261;0;0;1
262;1;showcase;ShowcaseUser262;0;0;1
263;1;showcase;ShowcaseUser263;0;0;1
264;1;showcase;ShowcaseUser264;0;0;1
265;1;showcase;ShowcaseUser265;0;0;1
266;1;showcase;ShowcaseUser266;0;0;1
267;1;showcase;ShowcaseUser267;0;0;1
268;1;showcase;ShowcaseUser268;0;0;1
269;1;showcase;ShowcaseUser269;0;0;1
270;1;showcase;ShowcaseUser270;0;0;1
271;1;showcase;ShowcaseUser271;0;0;1
272;1;showcase;ShowcaseUser272;0;0;1
273;1;showcase;ShowcaseUser273;0;0;1
274;1;showcase;ShowcaseUser274;0;0;1
275;1;showcase;ShowcaseUser275;0;0;1
276;1;showcase;ShowcaseUser276;0;0;1
277;1;showcase;ShowcaseUser277;0;0;1
278;1;showcase;ShowcaseUser278;0;0;1
279;1;showcase;ShowcaseUser279;0;0;1
280;1;showcase;ShowcaseUser280;0;0;1
281;1;showcase;ShowcaseUser281;0;0;1
282;1;showcase;ShowcaseUser282;0;0;1
283;1;showcase;ShowcaseUser283;0;0;1
284;1;showcase;ShowcaseUser284;0;0;1
285;1;showcase;ShowcaseUser285;0;0;1
286;1;showcase;ShowcaseUser286;0;0;1
287;1;showcase;ShowcaseUser287;0;0;1
288;1;showcase;ShowcaseUser288;0;0;1
289;1;showcase;ShowcaseUser289;0;0;1
290;1;showcase;ShowcaseUser290;0;0;1
291;1;showcase;ShowcaseUser291;0;0;1
292;1;showcase;ShowcaseUser292;0;0;1
293;1;showcase;ShowcaseUser293;0;0;1
294;1;showcase;ShowcaseUser294;0;0;1
295;1;showcase;ShowcaseUser295;0;0;1
296;1;showcase;ShowcaseUser296;0;0;1
297;1;showcase;ShowcaseUser297;0;0;1
298;1;showcase;ShowcaseUser298;0;0;1
299;1;showcase;ShowcaseUser299;0;0;1
300;1;showcase;ShowcaseUser300;0;0;1
301;1;showcase;ShowcaseUser301;0;0;1
302;1;showcase;ShowcaseUser302;0;0;1
303;1;showcase;ShowcaseUser303;0;0;1
304;1;showcase;ShowcaseUser304;0;0;1
305;1;showcase;ShowcaseUser305;0;0;1
306;1;showcase;ShowcaseUser306;0;0;1
307;1;showcase;ShowcaseUser307;0;0;1
308;1;showcase;ShowcaseUser308;0;0;1
309;1;showcase;ShowcaseUser309;0;0;1
310;1;showcase;ShowcaseUser310;0;0;1
311;1;showcase;ShowcaseUser311;0;0;1
312;1;showcase;ShowcaseUser312;0;0;1
313;1;showcase;ShowcaseUser313;0;0;1
314;1;showcase;ShowcaseUser314;0;0;1
315;1;showcase;ShowcaseUser315;0;0;1
316;1;showcase;ShowcaseUser316;0;0;1
317;1;showcase;ShowcaseUser317;0;0;1
318;1;showcase;ShowcaseUser318;0;0;1
319;1;showcase;ShowcaseUser319;0;0;1
320;1;showcase;ShowcaseUser320;0;0;1
321;1;showcase;ShowcaseUser321;0;0;1
322;1;showcase;ShowcaseUser322;0;0;1
323;1;showcase;ShowcaseUser323;0;0;1
324;1;showcase;ShowcaseUser324;0;0;1
325;1;showcase;ShowcaseUser325;0;0;1
326;1;showcase;ShowcaseUser326;0;0;1
327;1;showcase;ShowcaseUser327;0;0;1
328;1;showcase;ShowcaseUser328;0;0;1
329;1;showcase;ShowcaseUser329;0;0;1
330;1;showcase;ShowcaseUser330;0;0;1
331;1;showcase;ShowcaseUser331;0;0;1
332;1;showcase;ShowcaseUser332;0;0;1
333;1;showcase;ShowcaseUser333;0;0;1
334;1;showcase;ShowcaseUser334;0;0;1
335;1;showcase;ShowcaseUser335;0;0;1
336;1;showcase;ShowcaseUser336;0;0;1
337;1;showcase;ShowcaseUser337;0;0;1
338;1;showcase;ShowcaseUser338;0;0;1
339;1;showcase;ShowcaseUser339;0;0;1
340;1;showcase;ShowcaseUser340;0;0;1
341;1;showcase;ShowcaseUser341;0;0;1
342;1;showcase;ShowcaseUser342;0;0;1
343;1;showcase;ShowcaseUser343;0;0;1
344;1;showcase;ShowcaseUser344;0;0;1
345;1;showcase;ShowcaseUser345;0;0;1
346;1;showcase;ShowcaseUser346;0;0;1
347;1;showcase;ShowcaseUser347;0;0;1
348;1;showcase;ShowcaseUser348;0;0;1
349;1;showcase;ShowcaseUser349;0;0;1
350;1;showcase;ShowcaseUser350;0;0;1
351;1;showcase;ShowcaseUser351;0;0;1
352;1;showcase;ShowcaseUser352;0;0;1
353;1;showcase;ShowcaseUser353;0;0;1
354;1;showcase;ShowcaseUser354;0;0;1
355;1;showcase;ShowcaseUser355;0;0;1
356;1;showcase;ShowcaseUser356;0;0;1
357;1;showcase;ShowcaseUser357;0;0;1
358;1;showcase;ShowcaseUser358;0;0;1
359;1;showcase;ShowcaseUser359;0;0;1
360;1;showcase;ShowcaseUser360;0;0;1
361;1;showcase;ShowcaseUser361;0;0;1
362;1;showcase;ShowcaseUser362;0;0;1
363;1;showcase;ShowcaseUser363;0;0;1
364;1;showcase;ShowcaseUser364;0;0;1
365;1;showcase;ShowcaseUser365;0;0;1
366;1;showcase;ShowcaseUser366;0;0;1
367;1;showcase;ShowcaseUser367;0;0;1
368;1;showcase;ShowcaseUser368;0;0;1
369;1;showcase;ShowcaseUser369;0;0;1
370;1;showcase;ShowcaseUser370;0;0;1
371;1;showcase;ShowcaseUser371;0;0;1
372;1;showcase;ShowcaseUser372;0;0;1
373;1;showcase;ShowcaseUser373;0;0;1
374;1;showcase;ShowcaseUser374;0;0;1
375;1;showcase;ShowcaseUser375;0;0;1
376;1;showcase;ShowcaseUser376;0;0;1
377;1;showcase;ShowcaseUser377;0;0;1
378;1;showcase;ShowcaseUser378;0;0;1
379;1;showcase;ShowcaseUser379;0;0;1
380;1;showcase;ShowcaseUser380;0;0;1
381;1;showcase;ShowcaseUser381;0;0;1
382;1;showcase;ShowcaseUser382;0;0;1
383;1;showcase;ShowcaseUser383;0;0;1
384;1;showcase;ShowcaseUser384;0;0;1
385;1;showcase;ShowcaseUser385;0;0;1
386;1;showcase;ShowcaseUser386;0;0;1
387;1;showcase;ShowcaseUser387;0;0;1
388;1;showcase;ShowcaseUser388;0;0;1
389;1;showcase;ShowcaseUser389;0;0;1
390;1;showcase;ShowcaseUser390;0;0;1
391;1;showcase;ShowcaseUser391;0;0;1
392;1;showcase;ShowcaseUser392;0;0;1
393;1;showcase;ShowcaseUser393;0;0;1
394;1;showcase;ShowcaseUser394;0;0;1
395;1;showcase;ShowcaseUser395;0;0;1
396;1;showcase;ShowcaseUser396;0;0;1
397;1;showcase;ShowcaseUser397;0;0;1
398;1;showcase;ShowcaseUser398;0;0;1
399;1;showcase;ShowcaseUser399;0;0;1
400;1;showcase;ShowcaseUser400;0;0;1
401;1;showcase;ShowcaseUser401;0;0;1
402;1;showcase;ShowcaseUser402;0;0;1
403;1;showcase;ShowcaseUser403;0;0;1
404;1;showcase;ShowcaseUser404;0;0;1
405;1;showcase;ShowcaseUser405;0;0;1
406;1;showcase;ShowcaseUser406;0;0;1
407;1;showcase;ShowcaseUser407;0;0;1
408;1;showcase;ShowcaseUser408;0;0;1
409;1;showcase;ShowcaseUser409;0;0;1
410;1;showcase;ShowcaseUser410;0;0;1
411;1;showcase;ShowcaseUser411;0;0;1
412;1;showcase;ShowcaseUser412;0;0;1
413;1;showcase;ShowcaseUser413;0;0;1
414;1;showcase;ShowcaseUser414;0;0;1
415;1;showcase;ShowcaseUser415;0;0;1
416;1;showcase;ShowcaseUser416;0;0;1
417;1;showcase;ShowcaseUser417;0;0;1
418;1;showcase;ShowcaseUser418;0;0;1
419;1;showcase;ShowcaseUser419;0;0;1
420;1;showcase;ShowcaseUser420;0;0;1
421;1;showcase;ShowcaseUser421;0;0;1
422;1;showcase;ShowcaseUser422;0;0;1
423;1;showcase;ShowcaseUser423;0;0;1
424;1;showcase;ShowcaseUser424;0;0;1
425;1;showcase;ShowcaseUser425;0;0;1
426;1;showcase;ShowcaseUser426;0;0;1
427;1;showcase;ShowcaseUser427;0;0;1
428;1;showcase;ShowcaseUser428;0;0;1
429;1;showcase;ShowcaseUser429;0;0;1
430;1;showcase;ShowcaseUser430;0;0;1
431;1;showcase;ShowcaseUser431;0;0;1
432;1;showcase;ShowcaseUser432;0;0;1
433;1;showcase;ShowcaseUser433;0;0;1
434;1;showcase;ShowcaseUser434;0;0;1
435;1;showcase;ShowcaseUser435;0;0;1
436;1;showcase;ShowcaseUser436;0;0;1
437;1;showcase;ShowcaseUser437;0;0;1
438;1;showcase;ShowcaseUser438;0;0;1
439;1;showcase;ShowcaseUser439;0;0;1
440;1;showcase;ShowcaseUser440;0;0;1
441;1;showcase;ShowcaseUser441;0;0;1
442;1;showcase;ShowcaseUser442;0;0;1
443;1;showcase;ShowcaseUser443;0;0;1
444;1;showcase;ShowcaseUser444;0;0;1
445;1;showcase;ShowcaseUser445;0;0;1
446;1;showcase;ShowcaseUser446;0;0;1
447;1;showcase;ShowcaseUser447;0;0;1
448;1;showcase;ShowcaseUser448;0;0;1
449;1;showcase;ShowcaseUser449;0;0;1
450;1;showcase;ShowcaseUser450;0;0;1
451;1;showcase;ShowcaseUser451;0;0;1
452;1;showcase;ShowcaseUser452;0;0;1
453;1;showcase;ShowcaseUser453;0;0;1
454;1;showcase;ShowcaseUser454;0;0;1
455;1;showcase;ShowcaseUser455;0;0;1
456;1;showcase;ShowcaseUser456;0;0;1
457;1;showcase;ShowcaseUser457;0;0;1
458;1;showcase;ShowcaseUser458;0;0;1
459;1;showcase;ShowcaseUser459;0;0;1
460;1;showcase;ShowcaseUser460;0;0;1
461;1;showcase;ShowcaseUser461;0;0;1
462;1;showcase;ShowcaseUser462;0;0;1
463;1;showcase;ShowcaseUser463;0;0;1
464;1;showcase;ShowcaseUser464;0;0;1
465;1;showcase;ShowcaseUser465;0;0;1
466;1;showcase;ShowcaseUser466;0;0;1
467;1;showcase;ShowcaseUser467;0;0;1
468;1;showcase;ShowcaseUser468;0;0;1
469;1;showcase;ShowcaseUser469;0;0;1
470;1;showcase;ShowcaseUser470;0;0;1
471;1;showcase;ShowcaseUser471;0;0;1
472;1;showcase;ShowcaseUser472;0;0;1
473;1;showcase;ShowcaseUser473;0;0;1
474;1;showcase;ShowcaseUser474;0;0;1
475;1;showcase;ShowcaseUser475;0;0;1
476;1;showcase;ShowcaseUser476;0;0;1
477;1;showcase;ShowcaseUser477;0;0;1
478;1;showcase;ShowcaseUser478;0;0;1
479;1;showcase;ShowcaseUser479;0;0;1
480;1;showcase;ShowcaseUser480;0;0;1
481;1;showcase;ShowcaseUser481;0;0;1
482;1;showcase;ShowcaseUser482;0;0;1
483;1;showcase;ShowcaseUser483;0;0;1
484;1;showcase;ShowcaseUser484;0;0;1
485;1;showcase;ShowcaseUser485;0;0;1
486;1;showcase;ShowcaseUser486;0;0;1
487;1;showcase;ShowcaseUser487;0;0;1
488;1;showcase;ShowcaseUser488;0;0;1
489;1;showcase;ShowcaseUser489;0;0;1
490;1;showcase;ShowcaseUser490;0;0;1
491;1;showcase;ShowcaseUser491;0;0;1
492;1;showcase;ShowcaseUser492;0;0;1
493;1;showcase;ShowcaseUser493;0;0;1
494;1;showcase;ShowcaseUser494;0;0;1
495;1;showcase;ShowcaseUser495;0;0;1
496;1;showcase;ShowcaseUser496;0;0;1
497;1;showcase;ShowcaseUser497;0;0;1
498;1;showcase;ShowcaseUser498;0;0;1
499;1;showcase;ShowcaseUser499;0;0;1
500;1;showcase;ShowcaseUser500;0;0;1
501;1;showcase;ShowcaseUser501;0;0;1
502;1;showcase;ShowcaseUser502;0;0;1
503;1;showcase;ShowcaseUser503;0;0;1
504;1;showcase;ShowcaseUser504;0;0;1
505;1;showcase;ShowcaseUser505;0;0;1
506;1;showcase;ShowcaseUser506;0;0;1
507;1;showcase;ShowcaseUser507;0;0;1
508;1;showcase;ShowcaseUser508;0;0;1
509;1;showcase;ShowcaseUser509;0;0;1
510;1;showcase;ShowcaseUser510;0;0;1
511;1;showcase;ShowcaseUser511;0;0;1
512;1;showcase;ShowcaseUser512;0;0;1
513;1;showcase;ShowcaseUser513;0;0;1
514;1;showcase;ShowcaseUser514;0;0;1
515;1;showcase;ShowcaseUser515;0;0;1
516;1;showcase;ShowcaseUser516;0;0;1
517;1;showcase;ShowcaseUser517;0;0;1
518;1;showcase;ShowcaseUser518;0;0;1
519;1;showcase;ShowcaseUser519;0;0;1
520;1;showcase;ShowcaseUser520;0;0;1
521;1;showcase;ShowcaseUser521;0;0;1
522;1;showcase;ShowcaseUser522;0;0;1
523;1;showcase;ShowcaseUser523;0;0;1
524;1;showcase;ShowcaseUser524;0;0;1
525;1;showcase;ShowcaseUser525;0;0;1
526;1;showcase;ShowcaseUser526;0;0;1
527;1;showcase;ShowcaseUser527;0;0;1
528;1;showcase;ShowcaseUser528;0;0;1
529;1;showcase;ShowcaseUser529;0;0;1
530;1;showcase;ShowcaseUser530;0;0;1
531;1;showcase;ShowcaseUser531;0;0;1
532;1;showcase;ShowcaseUser532;0;0;1
533;1;showcase;ShowcaseUser533;0;0;1
534;1;showcase;ShowcaseUser534;0;0;1
535;1;showcase;ShowcaseUser535;0;0;1
536;1;showcase;ShowcaseUser536;0;0;1
537;1;showcase;ShowcaseUser537;0;0;1
538;1;showcase;ShowcaseUser538;0;0;1
539;1;showcase;ShowcaseUser539;0;0;1
540;1;showcase;ShowcaseUser540;0;0;1
541;1;showcase;ShowcaseUser541;0;0;1
542;1;showcase;ShowcaseUser542;0;0;1
543;1;showcase;ShowcaseUser543;0;0;1
544;1;showcase;ShowcaseUser544;0;0;1
545;1;showcase;ShowcaseUser545;0;0;1
546;1;showcase;ShowcaseUser546;0;0;1
547;1;showcase;ShowcaseUser547;0;0;1
548;1;showcase;ShowcaseUser548;0;0;1
549;1;showcase;ShowcaseUser549;0;0;1
550;1;showcase;ShowcaseUser550;0;0;1
551;1;showcase;ShowcaseUser551;0;0;1
552;1;showcase;ShowcaseUser552;0;0;1
553;1;showcase;ShowcaseUser553;0;0;1
554;1;showcase;ShowcaseUser554;0;0;1
555;1;showcase;ShowcaseUser555;0;0;1
556;1;showcase;ShowcaseUser556;0;0;1
557;1;showcase;ShowcaseUser557;0;0;1
558;1;showcase;ShowcaseUser558;0;0;1
559;1;showcase;ShowcaseUser559;0;0;1
560;1;showcase;ShowcaseUser560;0;0;1
561;1;showcase;ShowcaseUser561;0;0;1
562;1;showcase;ShowcaseUser562;0;0;1
563;1;showcase;ShowcaseUser563;0;0;1
564;1;showcase;ShowcaseUser564;0;0;1
565;1;showcase;ShowcaseUser565;0;0;1
566;1;showcase;ShowcaseUser566;0;0;1
567;1;showcase;ShowcaseUser567;0;0;1
568;1;showcase;ShowcaseUser568;0;0;1
569;1;showcase;ShowcaseUser569;0;0;1
570;1;showcase;ShowcaseUser570;0;0;1
571;1;showcase;ShowcaseUser571;0;0;1
572;1;showcase;ShowcaseUser572;0;0;1
573;1;showcase;ShowcaseUser573;0;0;1
574;1;showcase;ShowcaseUser574;0;0;1
575;1;showcase;ShowcaseUser575;0;0;1
576;1;showcase;ShowcaseUser576;0;0;1
577;1;showcase;ShowcaseUser577;0;0;1
578;1;showcase;ShowcaseUser578;0;0;1
579;1;showcase;ShowcaseUser579;0;0;1
580;1;showcase;ShowcaseUser580;0;0;1
581;1;showcase;ShowcaseUser581;0;0;1
582;1;showcase;ShowcaseUser582;0;0;1
583;1;showcase;ShowcaseUser583;0;0;1
584;1;showcase;ShowcaseUser584;0;0;1
585;1;showcase;ShowcaseUser585;0;0;1
586;1;showcase;ShowcaseUser586;0;0;1
587;1;showcase;ShowcaseUser587;0;0;1
588;1;showcase;ShowcaseUser588;0;0;1
589;1;showcase;ShowcaseUser589;0;0;1
590;1;showcase;ShowcaseUser590;0;0;1
591;1;showcase;ShowcaseUser591;0;0;1
592;1;showcase;ShowcaseUser592;0;0;1
593;1;showcase;ShowcaseUser593;0;0;1
594;1;showcase;ShowcaseUser594;0;0;1
595;1;showcase;ShowcaseUser595;0;0;1
596;1;showcase;ShowcaseUser596;0;0;1
597;1;showcase;ShowcaseUser597;0;0;1
598;1;showcase;ShowcaseUser598;0;0;1
599;1;showcase;ShowcaseUser599;0;0;1
600;1;showcase;ShowcaseUser600;0;0;1
601;1;showcase;ShowcaseUser601;0;0;1
602;1;showcase;ShowcaseUser602;0;0;1
603;1;showcase;ShowcaseUser603;0;0;1
604;1;showcase;ShowcaseUser604;0;0;1
605;1;showcase;ShowcaseUser605;0;0;1
606;1;showcase;ShowcaseUser606;0;0;1
607;1;showcase;ShowcaseUser607;0;0;1
608;1;showcase;ShowcaseUser608;0;0;1
609;1;showcase;ShowcaseUser609;0;0;1
610;1;showcase;ShowcaseUser610;0;0;1
611;1;showcase;ShowcaseUser611;0;0;1
612;1;showcase;ShowcaseUser612;0;0;1
613;1;showcase;ShowcaseUser613;0;0;1
614;1;showcase;ShowcaseUser614;0;0;1
615;1;showcase;ShowcaseUser615;0;0;1
616;1;showcase;ShowcaseUser616;0;0;1
617;1;showcase;ShowcaseUser617;0;0;1
618;1;showcase;ShowcaseUser618;0;0;1
619;1;showcase;ShowcaseUser619;0;0;1
620;1;showcase;ShowcaseUser620;0;0;1
621;1;showcase;ShowcaseUser621;0;0;1
622;1;showcase;ShowcaseUser622;0;0;1
623;1;showcase;ShowcaseUser623;0;0;1
624;1;showcase;ShowcaseUser624;0;0;1
625;1;showcase;ShowcaseUser625;0;0;1
626;1;showcase;ShowcaseUser626;0;0;1
627;1;showcase;ShowcaseUser627;0;0;1
628;1;showcase;ShowcaseUser628;0;0;1
629;1;showcase;ShowcaseUser629;0;0;1
630;1;showcase;ShowcaseUser630;0;0;1
631;1;showcase;ShowcaseUser631;0;0;1
632;1;showcase;ShowcaseUser632;0;0;1
633;1;showcase;ShowcaseUser633;0;0;1
634;1;showcase;ShowcaseUser634;0;0;1
635;1;showcase;ShowcaseUser635;0;0;1
636;1;showcase;ShowcaseUser636;0;0;1
637;1;showcase;ShowcaseUser637;0;0;1
638;1;showcase;ShowcaseUser638;0;0;1
639;1;showcase;ShowcaseUser639;0;0;1
640;1;showcase;ShowcaseUser640;0;0;1
641;1;showcase;ShowcaseUser641;0;0;1
642;1;showcase;ShowcaseUser642;0;0;1
643;1;showcase;ShowcaseUser643;0;0;1
644;1;showcase;ShowcaseUser644;0;0;1
645;1;showcase;ShowcaseUser645;0;0;1
646;1;showcase;ShowcaseUser646;0;0;1
647;1;showcase;ShowcaseUser647;0;0;1
648;1;showcase;ShowcaseUser648;0;0;1
649;1;showcase;ShowcaseUser649;0;0;1
650;1;showcase;ShowcaseUser650;0;0;1
651;1;showcase;ShowcaseUser651;0;0;1
652;1;showcase;ShowcaseUser652;0;0;1
653;1;showcase;ShowcaseUser653;0;0;1
654;1;showcase;ShowcaseUser654;0;0;1
655;1;showcase;ShowcaseUser655;0;0;1
656;1;showcase;ShowcaseUser656;0;0;1
657;1;showcase;ShowcaseUser657;0;0;1
658;1;showcase;ShowcaseUser658;0;0;1
659;1;showcase;ShowcaseUser659;0;0;1
660;1;showcase;ShowcaseUser660;0;0;1
661;1;showcase;ShowcaseUser661;0;0;1
662;1;showcase;ShowcaseUser662;0;0;1
663;1;showcase;ShowcaseUser663;0;0;1
664;1;showcase;ShowcaseUser664;0;0;1
665;1;showcase;ShowcaseUser665;0;0;1
666;1;showcase;ShowcaseUser666;0;0;1
667;1;showcase;ShowcaseUser667;0;0;1
668;1;showcase;ShowcaseUser668;0;0;1
669;1;showcase;ShowcaseUser669;0;0;1
670;1;showcase;ShowcaseUser670;0;0;1
671;1;showcase;ShowcaseUser671;0;0;1
672;1;showcase;ShowcaseUser672;0;0;1
673;1;showcase;ShowcaseUser673;0;0;1
674;1;showcase;ShowcaseUser674;0;0;1
675;1;showcase;ShowcaseUser675;0;0;1
676;1;showcase;ShowcaseUser676;0;0;1
677;1;showcase;ShowcaseUser677;0;0;1
678;1;showcase;ShowcaseUser678;0;0;1
679;1;showcase;ShowcaseUser679;0;0;1
680;1;showcase;ShowcaseUser680;0;0;1
681;1;showcase;ShowcaseUser681;0;0;1
682;1;showcase;ShowcaseUser682;0;0;1
683;1;showcase;ShowcaseUser683;0;0;1
684;1;showcase;ShowcaseUser684;0;0;1
685;1;showcase;ShowcaseUser685;0;0;1
686;1;showcase;ShowcaseUser686;0;0;1
687;1;showcase;ShowcaseUser687;0;0;1
688;1;showcase;ShowcaseUser688;0;0;1
689;1;showcase;ShowcaseUser689;0;0;1
690;1;showcase;ShowcaseUser690;0;0;1
691;1;showcase;ShowcaseUser691;0;0;1
692;1;showcase;ShowcaseUser692;0;0;1
693;1;showcase;ShowcaseUser693;0;0;1
694;1;showcase;ShowcaseUser694;0;0;1
695;1;showcase;ShowcaseUser695;0;0;1
696;1;showcase;ShowcaseUser696;0;0;1
697;1;showcase;ShowcaseUser697;0;0;1
698;1;showcase;ShowcaseUser698;0;0;1
699;1;showcase;ShowcaseUser699;0;0;1
700;1;showcase;ShowcaseUser700;0;0;1
701;1;showcase;ShowcaseUser701;0;0;1
702;1;showcase;ShowcaseUser702;0;0;1
703;1;showcase;ShowcaseUser703;0;0;1
704;1;showcase;ShowcaseUser704;0;0;1
705;1;showcase;ShowcaseUser705;0;0;1
706;1;showcase;ShowcaseUser706;0;0;1
707;1;showcase;ShowcaseUser707;0;0;1
708;1;showcase;ShowcaseUser708;0;0;1
709;1;showcase;ShowcaseUser709;0;0;1
710;1;showcase;ShowcaseUser710;0;0;1
711;1;showcase;ShowcaseUser711;0;0;1
712;1;showcase;ShowcaseUser712;0;0;1
713;1;showcase;ShowcaseUser713;0;0;1
714;1;showcase;ShowcaseUser714;0;0;1
715;1;showcase;ShowcaseUser715;0;0;1
716;1;showcase;ShowcaseUser716;0;0;1
717;1;showcase;ShowcaseUser717;0;0;1
718;1;showcase;ShowcaseUser718;0;0;1
719;1;showcase;ShowcaseUser719;0;0;1
720;1;showcase;ShowcaseUser720;0;0;1
721;1;showcase;ShowcaseUser721;0;0;1
722;1;showcase;ShowcaseUser722;0;0;1
723;1;showcase;ShowcaseUser723;0;0;1
724;1;showcase;ShowcaseUser724;0;0;1
725;1;showcase;ShowcaseUser725;0;0;1
726;1;showcase;ShowcaseUser726;0;0;1
727;1;showcase;ShowcaseUser727;0;0;1
728;1;showcase;ShowcaseUser728;0;0;1
729;1;showcase;ShowcaseUser729;0;0;1
730;1;showcase;ShowcaseUser730;0;0;1
731;1;showcase;ShowcaseUser731;0;0;1
732;1;showcase;ShowcaseUser732;0;0;1
733;1;showcase;ShowcaseUser733;0;0;1
734;1;showcase;ShowcaseUser734;0;0;1
735;1;showcase;ShowcaseUser735;0;0;1
736;1;showcase;ShowcaseUser736;0;0;1
737;1;showcase;ShowcaseUser737;0;0;1
738;1;showcase;ShowcaseUser738;0;0;1
739;1;showcase;ShowcaseUser739;0;0;1
740;1;showcase;ShowcaseUser740;0;0;1
741;1;showcase;ShowcaseUser741;0;0;1
742;1;showcase;ShowcaseUser742;0;0;1
743;1;showcase;ShowcaseUser743;0;0;1
744;1;showcase;ShowcaseUser744;0;0;1
745;1;showcase;ShowcaseUser745;0;0;1
746;1;showcase;ShowcaseUser746;0;0;1
747;1;showcase;ShowcaseUser747;0;0;1
748;1;showcase;ShowcaseUser748;0;0;1
749;1;showcase;ShowcaseUser749;0;0;1
750;1;showcase;ShowcaseUser750;0;0;1
751;1;showcase;ShowcaseUser751;0;0;1
752;1;showcase;ShowcaseUser752;0;0;1
753;1;showcase;ShowcaseUser753;0;0;1
754;1;showcase;ShowcaseUser754;0;0;1
755;1;showcase;ShowcaseUser755;0;0;1
756;1;showcase;ShowcaseUser756;0;0;1
757;1;showcase;ShowcaseUser757;0;0;1
758;1;showcase;ShowcaseUser758;0;0;1
759;1;showcase;ShowcaseUser759;0;0;1
760;1;showcase;ShowcaseUser760;0;0;1
761;1;showcase;ShowcaseUser761;0;0;1
762;1;showcase;ShowcaseUser762;0;0;1
763;1;showcase;ShowcaseUser763;0;0;1
764;1;showcase;ShowcaseUser764;0;0;1
765;1;showcase;ShowcaseUser765;0;0;1
766;1;showcase;ShowcaseUser766;0;0;1
767;1;showcase;ShowcaseUser767;0;0;1
768;1;showcase;ShowcaseUser768;0;0;1
769;1;showcase;ShowcaseUser769;0;0;1
770;1;showcase;ShowcaseUser770;0;0;1
771;1;showcase;ShowcaseUser771;0;0;1
772;1;showcase;ShowcaseUser772;0;0;1
773;1;showcase;ShowcaseUser773;0;0;1
774;1;showcase;ShowcaseUser774;0;0;1
775;1;showcase;ShowcaseUser775;0;0;1
776;1;showcase;ShowcaseUser776;0;0;1
777;1;showcase;ShowcaseUser777;0;0;1
778;1;showcase;ShowcaseUser778;0;0;1
779;1;showcase;ShowcaseUser779;0;0;1
780;1;showcase;ShowcaseUser780;0;0;1
781;1;showcase;ShowcaseUser781;0;0;1
782;1;showcase;ShowcaseUser782;0;0;1
783;1;showcase;ShowcaseUser783;0;0;1
784;1;showcase;ShowcaseUser784;0;0;1
785;1;showcase;ShowcaseUser785;0;0;1
786;1;showcase;ShowcaseUser786;0;0;1
787;1;showcase;ShowcaseUser787;0;0;1
788;1;showcase;ShowcaseUser788;0;0;1
789;1;showcase;ShowcaseUser789;0;0;1
790;1;showcase;ShowcaseUser790;0;0;1
791;1;showcase;ShowcaseUser791;0;0;1
792;1;showcase;ShowcaseUser792;0;0;1
793;1;showcase;ShowcaseUser793;0;0;1
794;1;showcase;ShowcaseUser794;0;0;1
795;1;showcase;ShowcaseUser795;0;0;1
796;1;showcase;ShowcaseUser796;0;0;1
797;1;showcase;ShowcaseUser797;0;0;1
798;1;showcase;ShowcaseUser798;0;0;1
799;1;showcase;ShowcaseUser799;0;0;1
800;1;showcase;ShowcaseUser800;0;0;1
801;1;showcase;ShowcaseUser801;0;0;1
802;1;showcase;ShowcaseUser802;0;0;1
803;1;showcase;ShowcaseUser803;0;0;1
804;1;showcase;ShowcaseUser804;0;0;1
805;1;showcase;ShowcaseUser805;0;0;1
806;1;showcase;ShowcaseUser806;0;0;1
807;1;showcase;ShowcaseUser807;0;0;1
808;1;showcase;ShowcaseUser808;0;0;1
809;1;showcase;ShowcaseUser809;0;0;1
810;1;showcase;ShowcaseUser810;0;0;1
811;1;showcase;ShowcaseUser811;0;0;1
812;1;showcase;ShowcaseUser812;0;0;1
813;1;showcase;ShowcaseUser813;0;0;1
814;1;showcase;ShowcaseUser814;0;0;1
815;1;showcase;ShowcaseUser815;0;0;1
816;1;showcase;ShowcaseUser816;0;0;1
817;1;showcase;ShowcaseUser817;0;0;1
818;1;showcase;ShowcaseUser818;0;0;1
819;1;showcase;ShowcaseUser819;0;0;1
820;1;showcase;ShowcaseUser820;0;0;1
821;1;showcase;ShowcaseUser821;0;0;1
822;1;showcase;ShowcaseUser822;0;0;1
823;1;showcase;ShowcaseUser823;0;0;1
824;1;showcase;ShowcaseUser824;0;0;1
825;1;showcase;ShowcaseUser825;0;0;1
826;1;showcase;ShowcaseUser826;0;0;1
827;1;showcase;ShowcaseUser827;0;0;1
828;1;showcase;ShowcaseUser828;0;0;1
829;1;showcase;ShowcaseUser829;0;0;1
830;1;showcase;ShowcaseUser830;0;0;1
831;1;showcase;ShowcaseUser831;0;0;1
832;1;showcase;ShowcaseUser832;0;0;1
833;1;showcase;ShowcaseUser833;0;0;1
834;1;showcase;ShowcaseUser834;0;0;1
835;1;showcase;ShowcaseUser835;0;0;1
836;1;showcase;ShowcaseUser836;0;0;1
837;1;showcase;ShowcaseUser837;0;0;1
838;1;showcase;ShowcaseUser838;0;0;1
839;1;showcase;ShowcaseUser839;0;0;1
840;1;showcase;ShowcaseUser840;0;0;1
841;1;showcase;ShowcaseUser841;0;0;1
842;1;showcase;ShowcaseUser842;0;0;1
843;1;showcase;ShowcaseUser843;0;0;1
844;1;showcase;ShowcaseUser844;0;0;1
845;1;showcase;ShowcaseUser845;0;0;1
846;1;showcase;ShowcaseUser846;0;0;1
847;1;showcase;ShowcaseUser847;0;0;1
848;1;showcase;ShowcaseUser848;0;0;1
849;1;showcase;ShowcaseUser849;0;0;1
850;1;showcase;ShowcaseUser850;0;0;1
851;1;showcase;ShowcaseUser851;0;0;1
852;1;showcase;ShowcaseUser852;0;0;1
853;1;showcase;ShowcaseUser853;0;0;1
854;1;showcase;ShowcaseUser854;0;0;1
855;1;showcase;ShowcaseUser855;0;0;1
856;1;showcase;ShowcaseUser856;0;0;1
857;1;showcase;ShowcaseUser857;0;0;1
858;1;showcase;ShowcaseUser858;0;0;1
859;1;showcase;ShowcaseUser859;0;0;1
860;1;showcase;ShowcaseUser860;0;0;1
861;1;showcase;ShowcaseUser861;0;0;1
862;1;showcase;ShowcaseUser862;0;0;1
863;1;showcase;ShowcaseUser863;0;0;1
864;1;showcase;ShowcaseUser864;0;0;1
865;1;showcase;ShowcaseUser865;0;0;1
866;1;showcase;ShowcaseUser866;0;0;1
867;1;showcase;ShowcaseUser867;0;0;1
868;1;showcase;ShowcaseUser868;0;0;1
869;1;showcase;ShowcaseUser869;0;0;1
870;1;showcase;ShowcaseUser870;0;0;1
871;1;showcase;ShowcaseUser871;0;0;1
872;1;showcase;ShowcaseUser872;0;0;1
873;1;showcase;ShowcaseUser873;0;0;1
874;1;showcase;ShowcaseUser874;0;0;1
875;1;showcase;ShowcaseUser875;0;0;1
876;1;showcase;ShowcaseUser876;0;0;1
877;1;showcase;ShowcaseUser877;0;0;1
878;1;showcase;ShowcaseUser878;0;0;1
879;1;showcase;ShowcaseUser879;0;0;1
880;1;showcase;ShowcaseUser880;0;0;1
881;1;showcase;ShowcaseUser881;0;0;1
882;1;showcase;ShowcaseUser882;0;0;1
883;1;showcase;ShowcaseUser883;0;0;1
884;1;showcase;ShowcaseUser884;0;0;1
885;1;showcase;ShowcaseUser885;0;0;1
886;1;showcase;ShowcaseUser886;0;0;1
887;1;showcase;ShowcaseUser887;0;0;1
888;1;showcase;ShowcaseUser888;0;0;1
889;1;showcase;ShowcaseUser889;0;0;1
890;1;showcase;ShowcaseUser890;0;0;1
891;1;showcase;ShowcaseUser891;0;0;1
892;1;showcase;ShowcaseUser892;0;0;1
893;1;showcase;ShowcaseUser893;0;0;1
894;1;showcase;ShowcaseUser894;0;0;1
895;1;showcase;ShowcaseUser895;0;0;1
896;1;showcase;ShowcaseUser896;0;0;1
897;1;showcase;ShowcaseUser897;0;0;1
898;1;showcase;ShowcaseUser898;0;0;1
899;1;showcase;ShowcaseUser899;0;0;1
900;1;showcase;ShowcaseUser900;0;0;1
901;1;showcase;ShowcaseUser901;0;0;1
902;1;showcase;ShowcaseUser902;0;0;1
903;1;showcase;ShowcaseUser903;0;0;1
904;1;showcase;ShowcaseUser904;0;0;1
905;1;showcase;ShowcaseUser905;0;0;1
906;1;showcase;ShowcaseUser906;0;0;1
907;1;showcase;ShowcaseUser907;0;0;1
908;1;showcase;ShowcaseUser908;0;0;1
909;1;showcase;ShowcaseUser909;0;0;1
910;1;showcase;ShowcaseUser910;0;0;1
911;1;showcase;ShowcaseUser911;0;0;1
912;1;showcase;ShowcaseUser912;0;0;1
913;1;showcase;ShowcaseUser913;0;0;1
914;1;showcase;ShowcaseUser914;0;0;1
915;1;showcase;ShowcaseUser915;0;0;1
916;1;showcase;ShowcaseUser916;0;0;1
917;1;showcase;ShowcaseUser917;0;0;1
918;1;showcase;ShowcaseUser918;0;0;1
919;1;showcase;ShowcaseUser919;0;0;1
920;1;showcase;ShowcaseUser920;0;0;1
921;1;showcase;ShowcaseUser921;0;0;1
922;1;showcase;ShowcaseUser922;0;0;1
923;1;showcase;ShowcaseUser923;0;0;1
924;1;showcase;ShowcaseUser924;0;0;1
925;1;showcase;ShowcaseUser925;0;0;1
926;1;showcase;ShowcaseUser926;0;0;1
927;1;showcase;ShowcaseUser927;0;0;1
928;1;showcase;ShowcaseUser928;0;0;1
929;1;showcase;ShowcaseUser929;0;0;1
930;1;showcase;ShowcaseUser930;0;0;1
931;1;showcase;ShowcaseUser931;0;0;1
932;1;showcase;ShowcaseUser932;0;0;1
933;1;showcase;ShowcaseUser933;0;0;1
934;1;showcase;ShowcaseUser934;0;0;1
935;1;showcase;ShowcaseUser935;0;0;1
936;1;showcase;ShowcaseUser936;0;0;1
937;1;showcase;ShowcaseUser937;0;0;1
938;1;showcase;ShowcaseUser938;0;0;1
939;1;showcase;ShowcaseUser939;0;0;1
940;1;showcase;ShowcaseUser940;0;0;1
941;1;showcase;ShowcaseUser941;0;0;1
942;1;showcase;ShowcaseUser942;0;0;1
943;1;showcase;ShowcaseUser943;0;0;1
944;1;showcase;ShowcaseUser944;0;0;1
945;1;showcase;ShowcaseUser945;0;0;1
946;1;showcase;ShowcaseUser946;0;0;1
947;1;showcase;ShowcaseUser947;0;0;1
948;1;showcase;ShowcaseUser948;0;0;1
949;1;showcase;ShowcaseUser949;0;0;1
950;1;showcase;ShowcaseUser950;0;0;1
951;1;showcase;ShowcaseUser951;0;0;1
952;1;showcase;ShowcaseUser952;0;0;1
953;1;showcase;ShowcaseUser953;0;0;1
954;1;showcase;ShowcaseUser954;0;0;1
955;1;showcase;ShowcaseUser955;0;0;1
956;1;showcase;ShowcaseUser956;0;0;1
957;1;showcase;ShowcaseUser957;0;0;1
958;1;showcase;ShowcaseUser958;0;0;1
959;1;showcase;ShowcaseUser959;0;0;1
960;1;showcase;ShowcaseUser960;0;0;1
961;1;showcase;ShowcaseUser961;0;0;1
962;1;showcase;ShowcaseUser962;0;0;1
963;1;showcase;ShowcaseUser963;0;0;1
964;1;showcase;ShowcaseUser964;0;0;1
965;1;showcase;ShowcaseUser965;0;0;1
966;1;showcase;ShowcaseUser966;0;0;1
967;1;showcase;ShowcaseUser967;0;0;1
968;1;showcase;ShowcaseUser968;0;0;1
969;1;showcase;ShowcaseUser969;0;0;1
970;1;showcase;ShowcaseUser970;0;0;1
971;1;showcase;ShowcaseUser971;0;0;1
972;1;showcase;ShowcaseUser972;0;0;1
973;1;showcase;ShowcaseUser973;0;0;1
974;1;showcase;ShowcaseUser974;0;0;1
975;1;showcase;ShowcaseUser975;0;0;1
976;1;showcase;ShowcaseUser976;0;0;1
977;1;showcase;ShowcaseUser977;0;0;1
978;1;showcase;ShowcaseUser978;0;0;1
979;1;showcase;ShowcaseUser979;0;0;1
980;1;showcase;ShowcaseUser980;0;0;1
981;1;showcase;ShowcaseUser981;0;0;1
982;1;showcase;ShowcaseUser982;0;0;1
983;1;showcase;ShowcaseUser983;0;0;1
984;1;showcase;ShowcaseUser984;0;0;1
985;1;showcase;ShowcaseUser985;0;0;1
986;1;showcase;ShowcaseUser986;0;0;1
987;1;showcase;ShowcaseUser987;0;0;1
988;1;showcase;ShowcaseUser988;0;0;1
989;1;showcase;ShowcaseUser989;0;0;1
990;1;showcase;ShowcaseUser990;0;0;1
991;1;showcase;ShowcaseUser991;0;0;1
992;1;showcase;ShowcaseUser992;0;0;1
993;1;showcase;ShowcaseUser993;0;0;1
994;1;showcase;ShowcaseUser994;0;0;1
995;1;showcase;ShowcaseUser995;0;0;1
996;1;showcase;ShowcaseUser996;0;0;1
997;1;showcase;ShowcaseUser997;0;0;1
998;1;showcase;ShowcaseUser998;0;0;1
999;1;showcase;ShowcaseUser999;0;0;1
1000;1;showcase;ShowcaseUser1000;0;0;1
1001;1;showcase;ShowcaseUser1001;0;0;1
1002;1;showcase;ShowcaseUser1002;0;0;1
1003;1;showcase;ShowcaseUser1003;0;0;1
1004;1;showcase;ShowcaseUser1004;0;0;1
1005;1;showcase;ShowcaseUser1005;0;0;1
1006;1;showcase;ShowcaseUser1006;0;0;1
1007;1;showcase;ShowcaseUser1007;0;0;1
1008;1;showcase;ShowcaseUser1008;0;0;1
1009;1;showcase;ShowcaseUser1009;0;0;1
1010;1;showcase;ShowcaseUser1010;0;0;1
1011;1;showcase;ShowcaseUser1011;0;0;1
1012;1;showcase;ShowcaseUser1012;0;0;1
1013;1;showcase;ShowcaseUser1013;0;0;1
1014;1;showcase;ShowcaseUser1014;0;0;1
1015;1;showcase;ShowcaseUser1015;0;0;1
1016;1;showcase;ShowcaseUser1016;0;0;1
1017;1;showcase;ShowcaseUser1017;0;0;1
1018;1;showcase;ShowcaseUser1018;0;0;1
1019;1;showcase;ShowcaseUser1019;0;0;1
1020;1;showcase;ShowcaseUser1020;0;0;1
1021;1;showcase;ShowcaseUser1021;0;0;1
1022;1;showcase;ShowcaseUser1022;0;0;1
1023;1;showcase;ShowcaseUser1023;0;0;1
1024;1;showcase;ShowcaseUser1024;0;0;1
1025;1;showcase;ShowcaseUser1025;0;0;1
1026;1;showcase;ShowcaseUser1026;0;0;1
1027;1;showcase;ShowcaseUser1027;0;0;1
1028;1;showcase;ShowcaseUser1028;0;0;1
1029;1;showcase;ShowcaseUser1029;0;0;1
1030;1;showcase;ShowcaseUser1030;0;0;1
1031;1;showcase;ShowcaseUser1031;0;0;1
1032;1;showcase;ShowcaseUser1032;0;0;1
1033;1;showcase;ShowcaseUser1033;0;0;1
1034;1;showcase;ShowcaseUser1034;0;0;1
1035;1;showcase;ShowcaseUser1035;0;0;1
1036;1;showcase;ShowcaseUser1036;0;0;1
1037;1;showcase;ShowcaseUser1037;0;0;1
1038;1;showcase;ShowcaseUser1038;0;0;1
1039;1;showcase;ShowcaseUser1039;0;0;1
1040;1;showcase;ShowcaseUser1040;0;0;1
1041;1;showcase;ShowcaseUser1041;0;0;1
1042;1;showcase;ShowcaseUser1042;0;0;1
1043;1;showcase;ShowcaseUser1043;0;0;1
1044;1;showcase;ShowcaseUser1044;0;0;1
1045;1;showcase;ShowcaseUser1045;0;0;1
1046;1;showcase;ShowcaseUser1046;0;0;1
1047;1;showcase;ShowcaseUser1047;0;0;1
1048;1;showcase;ShowcaseUser1048;0;0;1
1049;1;showcase;ShowcaseUser1049;0;0;1
1050;1;showcase;ShowcaseUser1050;0;0;1
1051;1;showcase;ShowcaseUser1051;0;0;1
1052;1;showcase;ShowcaseUser1052;0;0;1
1053;1;showcase;ShowcaseUser1053;0;0;1
1054;1;showcase;ShowcaseUser1054;0;0;1
1055;1;showcase;ShowcaseUser1055;0;0;1
1056;1;showcase;ShowcaseUser1056;0;0;1
1057;1;showcase;ShowcaseUser1057;0;0;1
1058;1;showcase;ShowcaseUser1058;0;0;1
1059;1;showcase;ShowcaseUser1059;0;0;1
1060;1;showcase;ShowcaseUser1060;0;0;1
1061;1;showcase;ShowcaseUser1061;0;0;1
1062;1;showcase;ShowcaseUser1062;0;0;1
1063;1;showcase;ShowcaseUser1063;0;0;1
1064;1;showcase;ShowcaseUser1064;0;0;1
1065;1;showcase;ShowcaseUser1065;0;0;1
1066;1;showcase;ShowcaseUser1066;0;0;1
1067;1;showcase;ShowcaseUser1067;0;0;1
1068;1;showcase;ShowcaseUser1068;0;0;1
1069;1;showcase;ShowcaseUser1069;0;0;1
1070;1;showcase;ShowcaseUser1070;0;0;1
1071;1;showcase;ShowcaseUser1071;0;0;1
1072;1;showcase;ShowcaseUser1072;0;0;1
1073;1;showcase;ShowcaseUser1073;0;0;1
1074;1;showcase;ShowcaseUser1074;0;0;1
1075;1;showcase;ShowcaseUser1075;0;0;1
1076;1;showcase;ShowcaseUser1076;0;0;1
1077;1;showcase;ShowcaseUser1077;0;0;1
1078;1;showcase;ShowcaseUser1078;0;0;1
1079;1;showcase;ShowcaseUser1079;0;0;1
1080;1;showcase;ShowcaseUser1080;0;0;1
1081;1;showcase;ShowcaseUser1081;0;0;1
1082;1;showcase;ShowcaseUser1082;0;0;1
1083;1;showcase;ShowcaseUser1083;0;0;1
1084;1;showcase;ShowcaseUser1084;0;0;1
1085;1;showcase;ShowcaseUser1085;0;0;1
1086;1;showcase;ShowcaseUser1086;0;0;1
1087;1;showcase;ShowcaseUser1087;0;0;1
1088;1;showcase;ShowcaseUser1088;0;0;1
1089;1;showcase;ShowcaseUser1089;0;0;1
1090;1;showcase;ShowcaseUser1090;0;0;1
1091;1;showcase;ShowcaseUser1091;0;0;1
1092;1;showcase;ShowcaseUser1092;0;0;1
1093;1;showcase;ShowcaseUser1093;0;0;1
1094;1;showcase;ShowcaseUser1094;0;0;1
1095;1;showcase;ShowcaseUser1095;0;0;1
1096;1;showcase;ShowcaseUser1096;0;0;1
1097;1;showcase;ShowcaseUser1097;0;0;1
1098;1;showcase;ShowcaseUser1098;0;0;1
1099;1;showcase;ShowcaseUser1099;0;0;1
1100;1;showcase;ShowcaseUser1100;0;0;1
1101;1;showcase;ShowcaseUser1101;0;0;1
1102;1;showcase;ShowcaseUser1102;0;0;1
1103;1;showcase;ShowcaseUser1103;0;0;1
1104;1;showcase;ShowcaseUser1104;0;0;1
1105;1;showcase;ShowcaseUser1105;0;0;1
1106;1;showcase;ShowcaseUser1106;0;0;1
1107;1;showcase;ShowcaseUser1107;0;0;1
1108;1;showcase;ShowcaseUser1108;0;0;1
1109;1;showcase;ShowcaseUser1109;0;0;1
1110;1;showcase;ShowcaseUser1110;0;0;1
1111;1;showcase;ShowcaseUser1111;0;0;1
1112;1;showcase;ShowcaseUser1112;0;0;1
1113;1;showcase;ShowcaseUser1113;0;0;1
1114;1;showcase;ShowcaseUser1114;0;0;1
1115;1;showcase;ShowcaseUser1115;0;0;1
1116;1;showcase;ShowcaseUser1116;0;0;1
1117;1;showcase;ShowcaseUser1117;0;0;1
1118;1;showcase;ShowcaseUser1118;0;0;1
1119;1;showcase;ShowcaseUser1119;0;0;1
1120;1;showcase;ShowcaseUser1120;0;0;1
1121;1;showcase;ShowcaseUser1121;0;0;1
1122;1;showcase;ShowcaseUser1122;0;0;1
1123;1;showcase;ShowcaseUser1123;0;0;1
1124;1;showcase;ShowcaseUser1124;0;0;1
1125;1;showcase;ShowcaseUser1125;0;0;1
1126;1;showcase;ShowcaseUser1126;0;0;1
1127;1;showcase;ShowcaseUser1127;0;0;1
1128;1;showcase;ShowcaseUser1128;0;0;1
1129;1;showcase;ShowcaseUser1129;0;0;1
1130;1;showcase;ShowcaseUser1130;0;0;1
1131;1;showcase;ShowcaseUser1131;0;0;1
1132;1;showcase;ShowcaseUser1132;0;0;1
1133;1;showcase;ShowcaseUser1133;0;0;1
1134;1;showcase;ShowcaseUser1134;0;0;1
1135;1;showcase;ShowcaseUser1135;0;0;1
1136;1;showcase;ShowcaseUser1136;0;0;1
1137;1;showcase;ShowcaseUser1137;0;0;1
1138;1;showcase;ShowcaseUser1138;0;0;1
1139;1;showcase;ShowcaseUser1139;0;0;1
1140;1;showcase;ShowcaseUser1140;0;0;1
1141;1;showcase;ShowcaseUser1141;0;0;1
1142;1;showcase;ShowcaseUser1142;0;0;1
1143;1;showcase;ShowcaseUser1143;0;0;1
1144;1;showcase;ShowcaseUser1144;0;0;1
1145;1;showcase;ShowcaseUser1145;0;0;1
1146;1;showcase;ShowcaseUser1146;0;0;1
1147;1;showcase;ShowcaseUser1147;0;0;1
1148;1;showcase;ShowcaseUser1148;0;0;1
1149;1;showcase;ShowcaseUser1149;0;0;1
1150;1;showcase;ShowcaseUser1150;0;0;1
1151;1;showcase;ShowcaseUser1151;0;0;1
1152;1;showcase;ShowcaseUser1152;0;0;1
1153;1;showcase;ShowcaseUser1153;0;0;1
1154;1;showcase;ShowcaseUser1154;0;0;1
1155;1;showcase;ShowcaseUser1155;0;0;1
1156;1;showcase;ShowcaseUser1156;0;0;1
1157;1;showcase;ShowcaseUser1157;0;0;1
1158;1;showcase;ShowcaseUser1158;0;0;1
1159;1;showcase;ShowcaseUser1159;0;0;1
1160;1;showcase;ShowcaseUser1160;0;0;1
1161;1;showcase;ShowcaseUser1161;0;0;1
1162;1;showcase;ShowcaseUser1162;0;0;1
1163;1;showcase;ShowcaseUser1163;0;0;1
1164;1;showcase;ShowcaseUser1164;0;0;1
1165;1;showcase;ShowcaseUser1165;0;0;1
1166;1;showcase;ShowcaseUser1166;0;0;1
1167;1;showcase;ShowcaseUser1167;0;0;1
1168;1;showcase;ShowcaseUser1168;0;0;1
1169;1;showcase;ShowcaseUser1169;0;0;1
1170;1;showcase;ShowcaseUser1170;0;0;1
1171;1;showcase;ShowcaseUser1171;0;0;1
1172;1;showcase;ShowcaseUser1172;0;0;1
1173;1;showcase;ShowcaseUser1173;0;0;1
1174;1;showcase;ShowcaseUser1174;0;0;1
1175;1;showcase;ShowcaseUser1175;0;0;1
1176;1;showcase;ShowcaseUser1176;0;0;1
1177;1;showcase;ShowcaseUser1177;0;0;1
1178;1;showcase;ShowcaseUser1178;0;0;1
1179;1;showcase;ShowcaseUser1179;0;0;1
1180;1;showcase;ShowcaseUser1180;0;0;1
1181;1;showcase;ShowcaseUser1181;0;0;1
1182;1;showcase;ShowcaseUser1182;0;0;1
1183;1;showcase;ShowcaseUser1183;0;0;1
1184;1;showcase;ShowcaseUser1184;0;0;1
1185;1;showcase;ShowcaseUser1185;0;0;1
1186;1;showcase;ShowcaseUser1186;0;0;1
1187;1;showcase;ShowcaseUser1187;0;0;1
1188;1;showcase;ShowcaseUser1188;0;0;1
1189;1;showcase;ShowcaseUser1189;0;0;1
1190;1;showcase;ShowcaseUser1190;0;0;1
1191;1;showcase;ShowcaseUser1191;0;0;1
1192;1;showcase;ShowcaseUser1192;0;0;1
1193;1;showcase;ShowcaseUser1193;0;0;1
1194;1;showcase;ShowcaseUser1194;0;0;1
1195;1;showcase;ShowcaseUser1195;0;0;1
1196;1;showcase;ShowcaseUser1196;0;0;1
1197;1;showcase;ShowcaseUser1197;0;0;1
1198;1;showcase;ShowcaseUser1198;0;0;1
1199;1;showcase;ShowcaseUser1199;0;0;1
1200;1;showcase;ShowcaseUser1200;0;0;1
1201;1;showcase;ShowcaseUser1201;0;0;1
1202;1;showcase;ShowcaseUser1202;0;0;1
1203;1;showcase;ShowcaseUser1203;0;0;1
1204;1;showcase;ShowcaseUser1204;0;0;1
1205;1;showcase;ShowcaseUser1205;0;0;1
1206;1;showcase;ShowcaseUser1206;0;0;1
1207;1;showcase;ShowcaseUser1207;0;0;1
1208;1;showcase;ShowcaseUser1208;0;0;1
1209;1;showcase;ShowcaseUser1209;0;0;1
1210;1;showcase;ShowcaseUser1210;0;0;1
1211;1;showcase;ShowcaseUser1211;0;0;1
1212;1;showcase;ShowcaseUser1212;0;0;1
1213;1;showcase;ShowcaseUser1213;0;0;1
1214;1;showcase;ShowcaseUser1214;0;0;1
1215;1;showcase;ShowcaseUser1215;0;0;1
1216;1;showcase;ShowcaseUser1216;0;0;1
1217;1;showcase;ShowcaseUser1217;0;0;1
1218;1;showcase;ShowcaseUser1218;0;0;1
1219;1;showcase;ShowcaseUser1219;0;0;1
1220;1;showcase;ShowcaseUser1220;0;0;1
1221;1;showcase;ShowcaseUser1221;0;0;1
1222;1;showcase;ShowcaseUser1222;0;0;1
1223;1;showcase;ShowcaseUser1223;0;0;1
1224;1;showcase;ShowcaseUser1224;0;0;1
1225;1;showcase;ShowcaseUser1225;0;0;1
1226;1;showcase;ShowcaseUser1226;0;0;1
1227;1;showcase;ShowcaseUser1227;0;0;1
1228;1;showcase;ShowcaseUser1228;0;0;1
1229;1;showcase;ShowcaseUser1229;0;0;1
1230;1;showcase;ShowcaseUser1230;0;0;1
1231;1;showcase;ShowcaseUser1231;0;0;1
1232;1;showcase;ShowcaseUser1232;0;0;1
1233;1;showcase;ShowcaseUser1233;0;0;1
1234;1;showcase;ShowcaseUser1234;0;0;1
1235;1;showcase;ShowcaseUser1235;0;0;1
1236;1;showcase;ShowcaseUser1236;0;0;1
1237;1;showcase;ShowcaseUser1237;0;0;1
1238;1;showcase;ShowcaseUser1238;0;0;1
1239;1;showcase;ShowcaseUser1239;0;0;1
1240;1;showcase;ShowcaseUser1240;0;0;1
1241;1;showcase;ShowcaseUser1241;0;0;1
1242;1;showcase;ShowcaseUser1242;0;0;1
1243;1;showcase;ShowcaseUser1243;0;0;1
1244;1;showcase;ShowcaseUser1244;0;0;1
1245;1;showcase;ShowcaseUser1245;0;0;1
1246;1;showcase;ShowcaseUser1246;0;0;1
1247;1;showcase;ShowcaseUser1247;0;0;1
1248;1;showcase;ShowcaseUser1248;0;0;1
1249;1;showcase;ShowcaseUser1249;0;0;1
1250;1;showcase;ShowcaseUser1250;0;0;1
1251;1;showcase;ShowcaseUser1251;0;0;1
1252;1;showcase;ShowcaseUser1252;0;0;1
1253;1;showcase;ShowcaseUser1253;0;0;1
1254;1;showcase;ShowcaseUser1254;0;0;1
1255;1;showcase;ShowcaseUser1255;0;0;1
1256;1;showcase;ShowcaseUser1256;0;0;1
1257;1;showcase;ShowcaseUser1257;0;0;1
1258;1;showcase;ShowcaseUser1258;0;0;1
1259;1;showcase;ShowcaseUser1259;0;0;1
1260;1;showcase;ShowcaseUser1260;0;0;1
1261;1;showcase;ShowcaseUser1261;0;0;1
1262;1;showcase;ShowcaseUser1262;0;0;1
1263;1;showcase;ShowcaseUser1263;0;0;1
1264;1;showcase;ShowcaseUser1264;0;0;1
1265;1;showcase;ShowcaseUser1265;0;0;1
1266;1;showcase;ShowcaseUser1266;0;0;1
1267;1;showcase;ShowcaseUser1267;0;0;1
1268;1;showcase;ShowcaseUser1268;0;0;1
1269;1;showcase;ShowcaseUser1269;0;0;1
1270;1;showcase;ShowcaseUser1270;0;0;1
1271;1;showcase;ShowcaseUser1271;0;0;1
1272;1;showcase;ShowcaseUser1272;0;0;1
1273;1;showcase;ShowcaseUser1273;0;0;1
1274;1;showcase;ShowcaseUser1274;0;0;1
1275;1;showcase;ShowcaseUser1275;0;0;1
1276;1;showcase;ShowcaseUser1276;0;0;1
1277;1;showcase;ShowcaseUser1277;0;0;1
1278;1;showcase;ShowcaseUser1278;0;0;1
1279;1;showcase;ShowcaseUser1279;0;0;1
1280;1;showcase;ShowcaseUser1280;0;0;1
1281;1;showcase;ShowcaseUser1281;0;0;1
1282;1;showcase;ShowcaseUser1282;0;0;1
1283;1;showcase;ShowcaseUser1283;0;0;1
1284;1;showcase;ShowcaseUser1284;0;0;1
1285;1;showcase;ShowcaseUser1285;0;0;1
1286;1;showcase;ShowcaseUser1286;0;0;1
1287;1;showcase;ShowcaseUser1287;0;0;1
1288;1;showcase;ShowcaseUser1288;0;0;1
1289;1;showcase;ShowcaseUser1289;0;0;1
1290;1;showcase;ShowcaseUser1290;0;0;1
1291;1;showcase;ShowcaseUser1291;0;0;1
1292;1;showcase;ShowcaseUser1292;0;0;1
1293;1;showcase;ShowcaseUser1293;0;0;1
1294;1;showcase;ShowcaseUser1294;0;0;1
1295;1;showcase;ShowcaseUser1295;0;0;1
1296;1;showcase;ShowcaseUser1296;0;0;1
1297;1;showcase;ShowcaseUser1297;0;0;1
1298;1;showcase;ShowcaseUser1298;0;0;1
1299;1;showcase;ShowcaseUser1299;0;0;1
1300;1;showcase;ShowcaseUser1300;0;0;1
1301;1;showcase;ShowcaseUser1301;0;0;1
1302;1;showcase;ShowcaseUser1302;0;0;1
1303;1;showcase;ShowcaseUser1303;0;0;1
1304;1;showcase;ShowcaseUser1304;0;0;1
1305;1;showcase;ShowcaseUser1305;0;0;1
1306;1;showcase;ShowcaseUser1306;0;0;1
1307;1;showcase;ShowcaseUser1307;0;0;1
1308;1;showcase;ShowcaseUser1308;0;0;1
1309;1;showcase;ShowcaseUser1309;0;0;1
1310;1;showcase;ShowcaseUser1310;0;0;1
1311;1;showcase;ShowcaseUser1311;0;0;1
1312;1;showcase;ShowcaseUser1312;0;0;1
1313;1;showcase;ShowcaseUser1313;0;0;1
1314;1;showcase;ShowcaseUser1314;0;0;1
1315;1;showcase;ShowcaseUser1315;0;0;1
1316;1;showcase;ShowcaseUser1316;0;0;1
1317;1;showcase;ShowcaseUser1317;0;0;1
1318;1;showcase;ShowcaseUser1318;0;0;1
1319;1;showcase;ShowcaseUser1319;0;0;1
1320;1;showcase;ShowcaseUser1320;0;0;1
1321;1;showcase;ShowcaseUser1321;0;0;1
1322;1;showcase;ShowcaseUser1322;0;0;1
1323;1;showcase;ShowcaseUser1323;0;0;1
1324;1;showcase;ShowcaseUser1324;0;0;1
1325;1;showcase;ShowcaseUser1325;0;0;1
1326;1;showcase;ShowcaseUser1326;0;0;1
1327;1;showcase;ShowcaseUser1327;0;0;1
1328;1;showcase;ShowcaseUser1328;0;0;1
1329;1;showcase;ShowcaseUser1329;0;0;1
1330;1;showcase;ShowcaseUser1330;0;0;1
1331;1;showcase;ShowcaseUser1331;0;0;1
1332;1;showcase;ShowcaseUser1332;0;0;1
1333;1;showcase;ShowcaseUser1333;0;0;1
1334;1;showcase;ShowcaseUser1334;0;0;1
1335;1;showcase;ShowcaseUser1335;0;0;1
1336;1;showcase;ShowcaseUser1336;0;0;1
1337;1;showcase;ShowcaseUser1337;0;0;1
1338;1;showcase;ShowcaseUser1338;0;0;1
1339;1;showcase;ShowcaseUser1339;0;0;1
1340;1;showcase;ShowcaseUser1340;0;0;1
1341;1;showcase;ShowcaseUser1341;0;0;1
1342;1;showcase;ShowcaseUser1342;0;0;1
1343;1;showcase;ShowcaseUser1343;0;0;1
1344;1;showcase;ShowcaseUser1344;0;0;1
1345;1;showcase;ShowcaseUser1345;0;0;1
1346;1;showcase;ShowcaseUser1346;0;0;1
1347;1;showcase;ShowcaseUser1347;0;0;1
1348;1;showcase;ShowcaseUser1348;0;0;1
1349;1;showcase;ShowcaseUser1349;0;0;1
1350;1;showcase;ShowcaseUser1350;0;0;1
1351;1;showcase;ShowcaseUser1351;0;0;1
1352;1;showcase;ShowcaseUser1352;0;0;1
1353;1;showcase;ShowcaseUser1353;0;0;1
1354;1;showcase;ShowcaseUser1354;0;0;1
1355;1;showcase;ShowcaseUser1355;0;0;1
1356;1;showcase;ShowcaseUser1356;0;0;1
1357;1;showcase;ShowcaseUser1357;0;0;1
1358;1;showcase;ShowcaseUser1358;0;0;1
1359;1;showcase;ShowcaseUser1359;0;0;1
1360;1;showcase;ShowcaseUser1360;0;0;1
1361;1;showcase;ShowcaseUser1361;0;0;1
1362;1;showcase;ShowcaseUser1362;0;0;1
1363;1;showcase;ShowcaseUser1363;0;0;1
1364;1;showcase;ShowcaseUser1364;0;0;1
1365;1;showcase;ShowcaseUser1365;0;0;1
1366;1;showcase;ShowcaseUser1366;0;0;1
1367;1;showcase;ShowcaseUser1367;0;0;1
1368;1;showcase;ShowcaseUser1368;0;0;1
1369;1;showcase;ShowcaseUser1369;0;0;1
1370;1;showcase;ShowcaseUser1370;0;0;1
1371;1;showcase;ShowcaseUser1371;0;0;1
1372;1;showcase;ShowcaseUser1372;0;0;1
1373;1;showcase;ShowcaseUser1373;0;0;1
1374;1;showcase;ShowcaseUser1374;0;0;1
1375;1;showcase;ShowcaseUser1375;0;0;1
1376;1;showcase;ShowcaseUser1376;0;0;1
1377;1;showcase;ShowcaseUser1377;0;0;1
1378;1;showcase;ShowcaseUser1378;0;0;1
1379;1;showcase;ShowcaseUser1379;0;0;1
1380;1;showcase;ShowcaseUser1380;0;0;1
1381;1;showcase;ShowcaseUser1381;0;0;1
1382;1;showcase;ShowcaseUser1382;0;0;1
1383;1;showcase;ShowcaseUser1383;0;0;1
1384;1;showcase;ShowcaseUser1384;0;0;1
1385;1;showcase;ShowcaseUser1385;0;0;1
1386;1;showcase;ShowcaseUser1386;0;0;1
1387;1;showcase;ShowcaseUser1387;0;0;1
1388;1;showcase;ShowcaseUser1388;0;0;1
1389;1;showcase;ShowcaseUser1389;0;0;1
1390;1;showcase;ShowcaseUser1390;0;0;1
1391;1;showcase;ShowcaseUser1391;0;0;1
1392;1;showcase;ShowcaseUser1392;0;0;1
1393;1;showcase;ShowcaseUser1393;0;0;1
1394;1;showcase;ShowcaseUser1394;0;0;1
1395;1;showcase;ShowcaseUser1395;0;0;1
1396;1;showcase;ShowcaseUser1396;0;0;1
1397;1;showcase;ShowcaseUser1397;0;0;1
1398;1;showcase;ShowcaseUser1398;0;0;1
1399;1;showcase;ShowcaseUser1399;0;0;1
1400;1;showcase;ShowcaseUser1400;0;0;1
1401;1;showcase;ShowcaseUser1401;0;0;1
1402;1;showcase;ShowcaseUser1402;0;0;1
1403;1;showcase;ShowcaseUser1403;0;0;1
1404;1;showcase;ShowcaseUser1404;0;0;1
1405;1;showcase;ShowcaseUser1405;0;0;1
1406;1;showcase;ShowcaseUser1406;0;0;1
1407;1;showcase;ShowcaseUser1407;0;0;1
1408;1;showcase;ShowcaseUser1408;0;0;1
1409;1;showcase;ShowcaseUser1409;0;0;1
1410;1;showcase;ShowcaseUser1410;0;0;1
1411;1;showcase;ShowcaseUser1411;0;0;1
1412;1;showcase;ShowcaseUser1412;0;0;1
1413;1;showcase;ShowcaseUser1413;0;0;1
1414;1;showcase;ShowcaseUser1414;0;0;1
1415;1;showcase;ShowcaseUser1415;0;0;1
1416;1;showcase;ShowcaseUser1416;0;0;1
1417;1;showcase;ShowcaseUser1417;0;0;1
1418;1;showcase;ShowcaseUser1418;0;0;1
1419;1;showcase;ShowcaseUser1419;0;0;1
1420;1;showcase;ShowcaseUser1420;0;0;1
1421;1;showcase;ShowcaseUser1421;0;0;1
1422;1;showcase;ShowcaseUser1422;0;0;1
1423;1;showcase;ShowcaseUser1423;0;0;1
1424;1;showcase;ShowcaseUser1424;0;0;1
1425;1;showcase;ShowcaseUser1425;0;0;1
1426;1;showcase;ShowcaseUser1426;0;0;1
1427;1;showcase;ShowcaseUser1427;0;0;1
1428;1;showcase;ShowcaseUser1428;0;0;1
1429;1;showcase;ShowcaseUser1429;0;0;1
1430;1;showcase;ShowcaseUser1430;0;0;1
1431;1;showcase;ShowcaseUser1431;0;0;1
1432;1;showcase;ShowcaseUser1432;0;0;1
1433;1;showcase;ShowcaseUser1433;0;0;1
1434;1;showcase;ShowcaseUser1434;0;0;1
1435;1;showcase;ShowcaseUser1435;0;0;1
1436;1;showcase;ShowcaseUser1436;0;0;1
1437;1;showcase;ShowcaseUser1437;0;0;1
1438;1;showcase;ShowcaseUser1438;0;0;1
1439;1;showcase;ShowcaseUser1439;0;0;1
1440;1;showcase;ShowcaseUser1440;0;0;1
1441;1;showcase;ShowcaseUser1441;0;0;1
1442;1;showcase;ShowcaseUser1442;0;0;1
1443;1;showcase;ShowcaseUser1443;0;0;1
1444;1;showcase;ShowcaseUser1444;0;0;1
1445;1;showcase;ShowcaseUser1445;0;0;1
1446;1;showcase;ShowcaseUser1446;0;0;1
1447;1;showcase;ShowcaseUser1447;0;0;1
1448;1;showcase;ShowcaseUser1448;0;0;1
1449;1;showcase;ShowcaseUser1449;0;0;1
1450;1;showcase;ShowcaseUser1450;0;0;1
1451;1;showcase;ShowcaseUser1451;0;0;1
1452;1;showcase;ShowcaseUser1452;0;0;1
1453;1;showcase;ShowcaseUser1453;0;0;1
1454;1;showcase;ShowcaseUser1454;0;0;1
1455;1;showcase;ShowcaseUser1455;0;0;1
1456;1;showcase;ShowcaseUser1456;0;0;1
1457;1;showcase;ShowcaseUser1457;0;0;1
1458;1;showcase;ShowcaseUser1458;0;0;1
1459;1;showcase;ShowcaseUser1459;0;0;1
1460;1;showcase;ShowcaseUser1460;0;0;1
1461;1;showcase;ShowcaseUser1461;0;0;1
1462;1;showcase;ShowcaseUser1462;0;0;1
1463;1;showcase;ShowcaseUser1463;0;0;1
1464;1;showcase;ShowcaseUser1464;0;0;1
1465;1;showcase;ShowcaseUser1465;0;0;1
1466;1;showcase;ShowcaseUser1466;0;0;1
1467;1;showcase;ShowcaseUser1467;0;0;1
1468;1;showcase;ShowcaseUser1468;0;0;1
1469;1;showcase;ShowcaseUser1469;0;0;1
1470;1;showcase;ShowcaseUser1470;0;0;1
1471;1;showcase;ShowcaseUser1471;0;0;1
1472;1;showcase;ShowcaseUser1472;0;0;1
1473;1;showcase;ShowcaseUser1473;0;0;1
1474;1;showcase;ShowcaseUser1474;0;0;1
1475;1;showcase;ShowcaseUser1475;0;0;1
1476;1;showcase;ShowcaseUser1476;0;0;1
1477;1;showcase;ShowcaseUser1477;0;0;1
1478;1;showcase;ShowcaseUser1478;0;0;1
1479;1;showcase;ShowcaseUser1479;0;0;1
1480;1;showcase;ShowcaseUser1480;0;0;1
1481;1;showcase;ShowcaseUser1481;0;0;1
1482;1;showcase;ShowcaseUser1482;0;0;1
1483;1;showcase;ShowcaseUser1483;0;0;1
1484;1;showcase;ShowcaseUser1484;0;0;1
1485;1;showcase;ShowcaseUser1485;0;0;1
1486;1;showcase;ShowcaseUser1486;0;0;1
1487;1;showcase;ShowcaseUser1487;0;0;1
1488;1;showcase;ShowcaseUser1488;0;0;1
1489;1;showcase;ShowcaseUser1489;0;0;1
1490;1;showcase;ShowcaseUser1490;0;0;1
1491;1;showcase;ShowcaseUser1491;0;0;1
1492;1;showcase;ShowcaseUser1492;0;0;1
1493;1;showcase;ShowcaseUser1493;0;0;1
1494;1;showcase;ShowcaseUser1494;0;0;1
1495;1;showcase;ShowcaseUser1495;0;0;1
1496;1;showcase;ShowcaseUser1496;0;0;1
1497;1;showcase;ShowcaseUser1497;0;0;1
1498;1;showcase;ShowcaseUser1498;0;0;1
1499;1;showcase;ShowcaseUser1499;0;0;1
1500;1;showcase;ShowcaseUser1500;0;0;1
1501;1;showcase;ShowcaseUser1501;0;0;1
1502;1;showcase;ShowcaseUser1502;0;0;1
1503;1;showcase;ShowcaseUser1503;0;0;1
1504;1;showcase;ShowcaseUser1504;0;0;1
1505;1;showcase;ShowcaseUser1505;0;0;1
1506;1;showcase;ShowcaseUser1506;0;0;1
1507;1;showcase;ShowcaseUser1507;0;0;1
1508;1;showcase;ShowcaseUser1508;0;0;1
1509;1;showcase;ShowcaseUser1509;0;0;1
1510;1;showcase;ShowcaseUser1510;0;0;1
1511;1;showcase;ShowcaseUser1511;0;0;1
1512;1;showcase;ShowcaseUser1512;0;0;1
1513;1;showcase;ShowcaseUser1513;0;0;1
1514;1;showcase;ShowcaseUser1514;0;0;1
1515;1;showcase;ShowcaseUser1515;0;0;1
1516;1;showcase;ShowcaseUser1516;0;0;1
1517;1;showcase;ShowcaseUser1517;0;0;1
1518;1;showcase;ShowcaseUser1518;0;0;1
1519;1;showcase;ShowcaseUser1519;0;0;1
1520;1;showcase;ShowcaseUser1520;0;0;1
1521;1;showcase;ShowcaseUser1521;0;0;1
1522;1;showcase;ShowcaseUser1522;0;0;1
1523;1;showcase;ShowcaseUser1523;0;0;1
1524;1;showcase;ShowcaseUser1524;0;0;1
1525;1;showcase;ShowcaseUser1525;0;0;1
1526;1;showcase;ShowcaseUser1526;0;0;1
1527;1;showcase;ShowcaseUser1527;0;0;1
1528;1;showcase;ShowcaseUser1528;0;0;1
1529;1;showcase;ShowcaseUser1529;0;0;1
1530;1;showcase;ShowcaseUser1530;0;0;1
1531;1;showcase;ShowcaseUser1531;0;0;1
1532;1;showcase;ShowcaseUser1532;0;0;1
1533;1;showcase;ShowcaseUser1533;0;0;1
1534;1;showcase;ShowcaseUser1534;0;0;1
1535;1;showcase;ShowcaseUser1535;0;0;1
1536;1;showcase;ShowcaseUser1536;0;0;1
1537;1;showcase;ShowcaseUser1537;0;0;1
1538;1;showcase;ShowcaseUser1538;0;0;1
1539;1;showcase;ShowcaseUser1539;0;0;1
1540;1;showcase;ShowcaseUser1540;0;0;1
1541;1;showcase;ShowcaseUser1541;0;0;1
1542;1;showcase;ShowcaseUser1542;0;0;1
1543;1;showcase;ShowcaseUser1543;0;0;1
1544;1;showcase;ShowcaseUser1544;0;0;1
1545;1;showcase;ShowcaseUser1545;0;0;1
1546;1;showcase;ShowcaseUser1546;0;0;1
1547;1;showcase;ShowcaseUser1547;0;0;1
1548;1;showcase;ShowcaseUser1548;0;0;1
1549;1;showcase;ShowcaseUser1549;0;0;1
1550;1;showcase;ShowcaseUser1550;0;0;1
1551;1;showcase;ShowcaseUser1551;0;0;1
1552;1;showcase;ShowcaseUser1552;0;0;1
1553;1;showcase;ShowcaseUser1553;0;0;1
1554;1;showcase;ShowcaseUser1554;0;0;1
1555;1;showcase;ShowcaseUser1555;0;0;1
1556;1;showcase;ShowcaseUser1556;0;0;1
1557;1;showcase;ShowcaseUser1557;0;0;1
1558;1;showcase;ShowcaseUser1558;0;0;1
1559;1;showcase;ShowcaseUser1559;0;0;1
1560;1;showcase;ShowcaseUser1560;0;0;1
1561;1;showcase;ShowcaseUser1561;0;0;1
1562;1;showcase;ShowcaseUser1562;0;0;1
1563;1;showcase;ShowcaseUser1563;0;0;1
1564;1;showcase;ShowcaseUser1564;0;0;1
1565;1;showcase;ShowcaseUser1565;0;0;1
1566;1;showcase;ShowcaseUser1566;0;0;1
1567;1;showcase;ShowcaseUser1567;0;0;1
1568;1;showcase;ShowcaseUser1568;0;0;1
1569;1;showcase;ShowcaseUser1569;0;0;1
1570;1;showcase;ShowcaseUser1570;0;0;1
1571;1;showcase;ShowcaseUser1571;0;0;1
1572;1;showcase;ShowcaseUser1572;0;0;1
1573;1;showcase;ShowcaseUser1573;0;0;1
1574;1;showcase;ShowcaseUser1574;0;0;1
1575;1;showcase;ShowcaseUser1575;0;0;1
1576;1;showcase;ShowcaseUser1576;0;0;1
1577;1;showcase;ShowcaseUser1577;0;0;1
1578;1;showcase;ShowcaseUser1578;0;0;1
1579;1;showcase;ShowcaseUser1579;0;0;1
1580;1;showcase;ShowcaseUser1580;0;0;1
1581;1;showcase;ShowcaseUser1581;0;0;1
1582;1;showcase;ShowcaseUser1582;0;0;1
1583;1;showcase;ShowcaseUser1583;0;0;1
1584;1;showcase;ShowcaseUser1584;0;0;1
1585;1;showcase;ShowcaseUser1585;0;0;1
1586;1;showcase;ShowcaseUser1586;0;0;1
1587;1;showcase;ShowcaseUser1587;0;0;1
1588;1;showcase;ShowcaseUser1588;0;0;1
1589;1;showcase;ShowcaseUser1589;0;0;1
1590;1;showcase;ShowcaseUser1590;0;0;1
1591;1;showcase;ShowcaseUser1591;0;0;1
1592;1;showcase;ShowcaseUser1592;0;0;1
1593;1;showcase;ShowcaseUser1593;0;0;1
1594;1;showcase;ShowcaseUser1594;0;0;1
1595;1;showcase;ShowcaseUser1595;0;0;1
1596;1;showcase;ShowcaseUser1596;0;0;1
1597;1;showcase;ShowcaseUser1597;0;0;1
1598;1;showcase;ShowcaseUser1598;0;0;1
1599;1;showcase;ShowcaseUser1599;0;0;1
1600;1;showcase;ShowcaseUser1600;0;0;1
1601;1;showcase;ShowcaseUser1601;0;0;1
1602;1;showcase;ShowcaseUser1602;0;0;1
1603;1;showcase;ShowcaseUser1603;0;0;1
1604;1;showcase;ShowcaseUser1604;0;0;1
1605;1;showcase;ShowcaseUser1605;0;0;1
1606;1;showcase;ShowcaseUser1606;0;0;1
1607;1;showcase;ShowcaseUser1607;0;0;1
1608;1;showcase;ShowcaseUser1608;0;0;1
1609;1;showcase;ShowcaseUser1609;0;0;1
1610;1;showcase;ShowcaseUser1610;0;0;1
1611;1;showcase;ShowcaseUser1611;0;0;1
1612;1;showcase;ShowcaseUser1612;0;0;1
1613;1;showcase;ShowcaseUser1613;0;0;1
1614;1;showcase;ShowcaseUser1614;0;0;1
1615;1;showcase;ShowcaseUser1615;0;0;1
1616;1;showcase;ShowcaseUser1616;0;0;1
1617;1;showcase;ShowcaseUser1617;0;0;1
1618;1;showcase;ShowcaseUser1618;0;0;1
1619;1;showcase;ShowcaseUser1619;0;0;1
1620;1;showcase;ShowcaseUser1620;0;0;1
1621;1;showcase;ShowcaseUser1621;0;0;1
1622;1;showcase;ShowcaseUser1622;0;0;1
1623;1;showcase;ShowcaseUser1623;0;0;1
1624;1;showcase;ShowcaseUser1624;0;0;1
1625;1;showcase;ShowcaseUser1625;0;0;1
1626;1;showcase;ShowcaseUser1626;0;0;1
1627;1;showcase;ShowcaseUser1627;0;0;1
1628;1;showcase;ShowcaseUser1628;0;0;1
1629;1;showcase;ShowcaseUser1629;0;0;1
1630;1;showcase;ShowcaseUser1630;0;0;1
1631;1;showcase;ShowcaseUser1631;0;0;1
1632;1;showcase;ShowcaseUser1632;0;0;1
1633;1;showcase;ShowcaseUser1633;0;0;1
1634;1;showcase;ShowcaseUser1634;0;0;1
1635;1;showcase;ShowcaseUser1635;0;0;1
1636;1;showcase;ShowcaseUser1636;0;0;1
1637;1;showcase;ShowcaseUser1637;0;0;1
1638;1;showcase;ShowcaseUser1638;0;0;1
1639;1;showcase;ShowcaseUser1639;0;0;1
1640;1;showcase;ShowcaseUser1640;0;0;1
1641;1;showcase;ShowcaseUser1641;0;0;1
1642;1;showcase;ShowcaseUser1642;0;0;1
1643;1;showcase;ShowcaseUser1643;0;0;1
1644;1;showcase;ShowcaseUser1644;0;0;1
1645;1;showcase;ShowcaseUser1645;0;0;1
1646;1;showcase;ShowcaseUser1646;0;0;1
1647;1;showcase;ShowcaseUser1647;0;0;1
1648;1;showcase;ShowcaseUser1648;0;0;1
1649;1;showcase;ShowcaseUser1649;0;0;1
1650;1;showcase;ShowcaseUser1650;0;0;1
1651;1;showcase;ShowcaseUser1651;0;0;1
1652;1;showcase;ShowcaseUser1652;0;0;1
1653;1;showcase;ShowcaseUser1653;0;0;1
1654;1;showcase;ShowcaseUser1654;0;0;1
1655;1;showcase;ShowcaseUser1655;0;0;1
1656;1;showcase;ShowcaseUser1656;0;0;1
1657;1;showcase;ShowcaseUser1657;0;0;1
1658;1;showcase;ShowcaseUser1658;0;0;1
1659;1;showcase;ShowcaseUser1659;0;0;1
1660;1;showcase;ShowcaseUser1660;0;0;1
1661;1;showcase;ShowcaseUser1661;0;0;1
1662;1;showcase;ShowcaseUser1662;0;0;1
1663;1;showcase;ShowcaseUser1663;0;0;1
1664;1;showcase;ShowcaseUser1664;0;0;1
1665;1;showcase;ShowcaseUser1665;0;0;1
1666;1;showcase;ShowcaseUser1666;0;0;1
1667;1;showcase;ShowcaseUser1667;0;0;1
1668;1;showcase;ShowcaseUser1668;0;0;1
1669;1;showcase;ShowcaseUser1669;0;0;1
1670;1;showcase;ShowcaseUser1670;0;0;1
1671;1;showcase;ShowcaseUser1671;0;0;1
1672;1;showcase;ShowcaseUser1672;0;0;1
1673;1;showcase;ShowcaseUser1673;0;0;1
1674;1;showcase;ShowcaseUser1674;0;0;1
1675;1;showcase;ShowcaseUser1675;0;0;1
1676;1;showcase;ShowcaseUser1676;0;0;1
1677;1;showcase;ShowcaseUser1677;0;0;1
1678;1;showcase;ShowcaseUser1678;0;0;1
1679;1;showcase;ShowcaseUser1679;0;0;1
1680;1;showcase;ShowcaseUser1680;0;0;1
1681;1;showcase;ShowcaseUser1681;0;0;1
1682;1;showcase;ShowcaseUser1682;0;0;1
1683;1;showcase;ShowcaseUser1683;0;0;1
1684;1;showcase;ShowcaseUser1684;0;0;1
1685;1;showcase;ShowcaseUser1685;0;0;1
1686;1;showcase;ShowcaseUser1686;0;0;1
1687;1;showcase;ShowcaseUser1687;0;0;1
1688;1;showcase;ShowcaseUser1688;0;0;1
1689;1;showcase;ShowcaseUser1689;0;0;1
1690;1;showcase;ShowcaseUser1690;0;0;1
1691;1;showcase;ShowcaseUser1691;0;0;1
1692;1;showcase;ShowcaseUser1692;0;0;1
1693;1;showcase;ShowcaseUser1693;0;0;1
1694;1;showcase;ShowcaseUser1694;0;0;1
1695;1;showcase;ShowcaseUser1695;0;0;1
1696;1;showcase;ShowcaseUser1696;0;0;1
1697;1;showcase;ShowcaseUser1697;0;0;1
1698;1;showcase;ShowcaseUser1698;0;0;1
1699;1;showcase;ShowcaseUser1699;0;0;1
1700;1;showcase;ShowcaseUser1700;0;0;1
1701;1;showcase;ShowcaseUser1701;0;0;1
1702;1;showcase;ShowcaseUser1702;0;0;1
1703;1;showcase;ShowcaseUser1703;0;0;1
1704;1;showcase;ShowcaseUser1704;0;0;1
1705;1;showcase;ShowcaseUser1705;0;0;1
1706;1;showcase;ShowcaseUser1706;0;0;1
1707;1;showcase;ShowcaseUser1707;0;0;1
1708;1;showcase;ShowcaseUser1708;0;0;1
1709;1;showcase;ShowcaseUser1709;0;0;1
1710;1;showcase;ShowcaseUser1710;0;0;1
1711;1;showcase;ShowcaseUser1711;0;0;1
1712;1;showcase;ShowcaseUser1712;0;0;1
1713;1;showcase;ShowcaseUser1713;0;0;1
1714;1;showcase;ShowcaseUser1714;0;0;1
1715;1;showcase;ShowcaseUser1715;0;0;1
1716;1;showcase;ShowcaseUser1716;0;0;1
1717;1;showcase;ShowcaseUser1717;0;0;1
1718;1;showcase;ShowcaseUser1718;0;0;1
1719;1;showcase;ShowcaseUser1719;0;0;1
1720;1;showcase;ShowcaseUser1720;0;0;1
1721;1;showcase;ShowcaseUser1721;0;0;1
1722;1;showcase;ShowcaseUser1722;0;0;1
1723;1;showcase;ShowcaseUser1723;0;0;1
1724;1;showcase;ShowcaseUser1724;0;0;1
1725;1;showcase;ShowcaseUser1725;0;0;1
1726;1;showcase;ShowcaseUser1726;0;0;1
1727;1;showcase;ShowcaseUser1727;0;0;1
1728;1;showcase;ShowcaseUser1728;0;0;1
1729;1;showcase;ShowcaseUser1729;0;0;1
1730;1;showcase;ShowcaseUser1730;0;0;1
1731;1;showcase;ShowcaseUser1731;0;0;1
1732;1;showcase;ShowcaseUser1732;0;0;1
1733;1;showcase;ShowcaseUser1733;0;0;1
1734;1;showcase;ShowcaseUser1734;0;0;1
1735;1;showcase;ShowcaseUser1735;0;0;1
1736;1;showcase;ShowcaseUser1736;0;0;1
1737;1;showcase;ShowcaseUser1737;0;0;1
1738;1;showcase;ShowcaseUser1738;0;0;1
1739;1;showcase;ShowcaseUser1739;0;0;1
1740;1;showcase;ShowcaseUser1740;0;0;1
1741;1;showcase;ShowcaseUser1741;0;0;1
1742;1;showcase;ShowcaseUser1742;0;0;1
1743;1;showcase;ShowcaseUser1743;0;0;1
1744;1;showcase;ShowcaseUser1744;0;0;1
1745;1;showcase;ShowcaseUser1745;0;0;1
1746;1;showcase;ShowcaseUser1746;0;0;1
1747;1;showcase;ShowcaseUser1747;0;0;1
1748;1;showcase;ShowcaseUser1748;0;0;1
1749;1;showcase;ShowcaseUser1749;0;0;1
1750;1;showcase;ShowcaseUser1750;0;0;1
1751;1;showcase;ShowcaseUser1751;0;0;1
1752;1;showcase;ShowcaseUser1752;0;0;1
1753;1;showcase;ShowcaseUser1753;0;0;1
1754;1;showcase;ShowcaseUser1754;0;0;1
1755;1;showcase;ShowcaseUser1755;0;0;1
1756;1;showcase;ShowcaseUser1756;0;0;1
1757;1;showcase;ShowcaseUser1757;0;0;1
1758;1;showcase;ShowcaseUser1758;0;0;1
1759;1;showcase;ShowcaseUser1759;0;0;1
1760;1;showcase;ShowcaseUser1760;0;0;1
1761;1;showcase;ShowcaseUser1761;0;0;1
1762;1;showcase;ShowcaseUser1762;0;0;1
1763;1;showcase;ShowcaseUser1763;0;0;1
1764;1;showcase;ShowcaseUser1764;0;0;1
1765;1;showcase;ShowcaseUser1765;0;0;1
1766;1;showcase;ShowcaseUser1766;0;0;1
1767;1;showcase;ShowcaseUser1767;0;0;1
1768;1;showcase;ShowcaseUser1768;0;0;1
1769;1;showcase;ShowcaseUser1769;0;0;1
1770;1;showcase;ShowcaseUser1770;0;0;1
1771;1;showcase;ShowcaseUser1771;0;0;1
1772;1;showcase;ShowcaseUser1772;0;0;1
1773;1;showcase;ShowcaseUser1773;0;0;1
1774;1;showcase;ShowcaseUser1774;0;0;1
1775;1;showcase;ShowcaseUser1775;0;0;1
1776;1;showcase;ShowcaseUser1776;0;0;1
1777;1;showcase;ShowcaseUser1777;0;0;1
1778;1;showcase;ShowcaseUser1778;0;0;1
1779;1;showcase;ShowcaseUser1779;0;0;1
1780;1;showcase;ShowcaseUser1780;0;0;1
1781;1;showcase;ShowcaseUser1781;0;0;1
1782;1;showcase;ShowcaseUser1782;0;0;1
1783;1;showcase;ShowcaseUser1783;0;0;1
1784;1;showcase;ShowcaseUser1784;0;0;1
1785;1;showcase;ShowcaseUser1785;0;0;1
1786;1;showcase;ShowcaseUser1786;0;0;1
1787;1;showcase;ShowcaseUser1787;0;0;1
1788;1;showcase;ShowcaseUser1788;0;0;1
1789;1;showcase;ShowcaseUser1789;0;0;1
1790;1;showcase;ShowcaseUser1790;0;0;1
1791;1;showcase;ShowcaseUser1791;0;0;1
1792;1;showcase;ShowcaseUser1792;0;0;1
1793;1;showcase;ShowcaseUser1793;0;0;1
1794;1;showcase;ShowcaseUser1794;0;0;1
1795;1;showcase;ShowcaseUser1795;0;0;1
1796;1;showcase;ShowcaseUser1796;0;0;1
1797;1;showcase;ShowcaseUser1797;0;0;1
1798;1;showcase;ShowcaseUser1798;0;0;1
1799;1;showcase;ShowcaseUser1799;0;0;1
1800;1;showcase;ShowcaseUser1800;0;0;1
1801;1;showcase;ShowcaseUser1801;0;0;1
1802;1;showcase;ShowcaseUser1802;0;0;1
1803;1;showcase;ShowcaseUser1803;0;0;1
1804;1;showcase;ShowcaseUser1804;0;0;1
1805;1;showcase;ShowcaseUser1805;0;0;1
1806;1;showcase;ShowcaseUser1806;0;0;1
1807;1;showcase;ShowcaseUser1807;0;0;1
1808;1;showcase;ShowcaseUser1808;0;0;1
1809;1;showcase;ShowcaseUser1809;0;0;1
1810;1;showcase;ShowcaseUser1810;0;0;1
1811;1;showcase;ShowcaseUser1811;0;0;1
1812;1;showcase;ShowcaseUser1812;0;0;1
1813;1;showcase;ShowcaseUser1813;0;0;1
1814;1;showcase;ShowcaseUser1814;0;0;1
1815;1;showcase;ShowcaseUser1815;0;0;1
1816;1;showcase;ShowcaseUser1816;0;0;1
1817;1;showcase;ShowcaseUser1817;0;0;1
1818;1;showcase;ShowcaseUser1818;0;0;1
1819;1;showcase;ShowcaseUser1819;0;0;1
1820;1;showcase;ShowcaseUser1820;0;0;1
1821;1;showcase;ShowcaseUser1821;0;0;1
1822;1;showcase;ShowcaseUser1822;0;0;1
1823;1;showcase;ShowcaseUser1823;0;0;1
1824;1;showcase;ShowcaseUser1824;0;0;1
1825;1;showcase;ShowcaseUser1825;0;0;1
1826;1;showcase;ShowcaseUser1826;0;0;1
1827;1;showcase;ShowcaseUser1827;0;0;1
1828;1;showcase;ShowcaseUser1828;0;0;1
1829;1;showcase;ShowcaseUser1829;0;0;1
1830;1;showcase;ShowcaseUser1830;0;0;1
1831;1;showcase;ShowcaseUser1831;0;0;1
1832;1;showcase;ShowcaseUser1832;0;0;1
1833;1;showcase;ShowcaseUser1833;0;0;1
1834;1;showcase;ShowcaseUser1834;0;0;1
1835;1;showcase;ShowcaseUser1835;0;0;1
1836;1;showcase;ShowcaseUser1836;0;0;1
1837;1;showcase;ShowcaseUser1837;0;0;1
1838;1;showcase;ShowcaseUser1838;0;0;1
1839;1;showcase;ShowcaseUser1839;0;0;1
1840;1;showcase;ShowcaseUser1840;0;0;1
1841;1;showcase;ShowcaseUser1841;0;0;1
1842;1;showcase;ShowcaseUser1842;0;0;1
1843;1;showcase;ShowcaseUser1843;0;0;1
1844;1;showcase;ShowcaseUser1844;0;0;1
1845;1;showcase;ShowcaseUser1845;0;0;1
1846;1;showcase;ShowcaseUser1846;0;0;1
1847;1;showcase;ShowcaseUser1847;0;0;1
1848;1;showcase;ShowcaseUser1848;0;0;1
1849;1;showcase;ShowcaseUser1849;0;0;1
1850;1;showcase;ShowcaseUser1850;0;0;1
1851;1;showcase;ShowcaseUser1851;0;0;1
1852;1;showcase;ShowcaseUser1852;0;0;1
1853;1;showcase;ShowcaseUser1853;0;0;1
1854;1;showcase;ShowcaseUser1854;0;0;1
1855;1;showcase;ShowcaseUser1855;0;0;1
1856;1;showcase;ShowcaseUser1856;0;0;1
1857;1;showcase;ShowcaseUser1857;0;0;1
1858;1;showcase;ShowcaseUser1858;0;0;1
1859;1;showcase;ShowcaseUser1859;0;0;1
1860;1;showcase;ShowcaseUser1860;0;0;1
1861;1;showcase;ShowcaseUser1861;0;0;1
1862;1;showcase;ShowcaseUser1862;0;0;1
1863;1;showcase;ShowcaseUser1863;0;0;1
1864;1;showcase;ShowcaseUser1864;0;0;1
1865;1;showcase;ShowcaseUser1865;0;0;1
1866;1;showcase;ShowcaseUser1866;0;0;1
1867;1;showcase;ShowcaseUser1867;0;0;1
1868;1;showcase;ShowcaseUser1868;0;0;1
1869;1;showcase;ShowcaseUser1869;0;0;1
1870;1;showcase;ShowcaseUser1870;0;0;1
1871;1;showcase;ShowcaseUser1871;0;0;1
1872;1;showcase;ShowcaseUser1872;0;0;1
1873;1;showcase;ShowcaseUser1873;0;0;1
1874;1;showcase;ShowcaseUser1874;0;0;1
1875;1;showcase;ShowcaseUser1875;0;0;1
1876;1;showcase;ShowcaseUser1876;0;0;1
1877;1;showcase;ShowcaseUser1877;0;0;1
1878;1;showcase;ShowcaseUser1878;0;0;1
1879;1;showcase;ShowcaseUser1879;0;0;1
1880;1;showcase;ShowcaseUser1880;0;0;1
1881;1;showcase;ShowcaseUser1881;0;0;1
1882;1;showcase;ShowcaseUser1882;0;0;1
1883;1;showcase;ShowcaseUser1883;0;0;1
1884;1;showcase;ShowcaseUser1884;0;0;1
1885;1;showcase;ShowcaseUser1885;0;0;1
1886;1;showcase;ShowcaseUser1886;0;0;1
1887;1;showcase;ShowcaseUser1887;0;0;1
1888;1;showcase;ShowcaseUser1888;0;0;1
1889;1;showcase;ShowcaseUser1889;0;0;1
1890;1;showcase;ShowcaseUser1890;0;0;1
1891;1;showcase;ShowcaseUser1891;0;0;1
1892;1;showcase;ShowcaseUser1892;0;0;1
1893;1;showcase;ShowcaseUser1893;0;0;1
1894;1;showcase;ShowcaseUser1894;0;0;1
1895;1;showcase;ShowcaseUser1895;0;0;1
1896;1;showcase;ShowcaseUser1896;0;0;1
1897;1;showcase;ShowcaseUser1897;0;0;1
1898;1;showcase;ShowcaseUser1898;0;0;1
1899;1;showcase;ShowcaseUser1899;0;0;1
1900;1;showcase;ShowcaseUser1900;0;0;1
1901;1;showcase;ShowcaseUser1901;0;0;1
1902;1;showcase;ShowcaseUser1902;0;0;1
1903;1;showcase;ShowcaseUser1903;0;0;1
1904;1;showcase;ShowcaseUser1904;0;0;1
1905;1;showcase;ShowcaseUser1905;0;0;1
1906;1;showcase;ShowcaseUser1906;0;0;1
1907;1;showcase;ShowcaseUser1907;0;0;1
1908;1;showcase;ShowcaseUser1908;0;0;1
1909;1;showcase;ShowcaseUser1909;0;0;1
1910;1;showcase;ShowcaseUser1910;0;0;1
1911;1;showcase;ShowcaseUser1911;0;0;1
1912;1;showcase;ShowcaseUser1912;0;0;1
1913;1;showcase;ShowcaseUser1913;0;0;1
1914;1;showcase;ShowcaseUser1914;0;0;1
1915;1;showcase;ShowcaseUser1915;0;0;1
1916;1;showcase;ShowcaseUser1916;0;0;1
1917;1;showcase;ShowcaseUser1917;0;0;1
1918;1;showcase;ShowcaseUser1918;0;0;1
1919;1;showcase;ShowcaseUser1919;0;0;1
1920;1;showcase;ShowcaseUser1920;0;0;1
1921;1;showcase;ShowcaseUser1921;0;0;1
1922;1;showcase;ShowcaseUser1922;0;0;1
1923;1;showcase;ShowcaseUser1923;0;0;1
1924;1;showcase;ShowcaseUser1924;0;0;1
1925;1;showcase;ShowcaseUser1925;0;0;1
1926;1;showcase;ShowcaseUser1926;0;0;1
1927;1;showcase;ShowcaseUser1927;0;0;1
1928;1;showcase;ShowcaseUser1928;0;0;1
1929;1;showcase;ShowcaseUser1929;0;0;1
1930;1;showcase;ShowcaseUser1930;0;0;1
1931;1;showcase;ShowcaseUser1931;0;0;1
1932;1;showcase;ShowcaseUser1932;0;0;1
1933;1;showcase;ShowcaseUser1933;0;0;1
1934;1;showcase;ShowcaseUser1934;0;0;1
1935;1;showcase;ShowcaseUser1935;0;0;1
1936;1;showcase;ShowcaseUser1936;0;0;1
1937;1;showcase;ShowcaseUser1937;0;0;1
1938;1;showcase;ShowcaseUser1938;0;0;1
1939;1;showcase;ShowcaseUser1939;0;0;1
1940;1;showcase;ShowcaseUser1940;0;0;1
1941;1;showcase;ShowcaseUser1941;0;0;1
1942;1;showcase;ShowcaseUser1942;0;0;1
1943;1;showcase;ShowcaseUser1943;0;0;1
1944;1;showcase;ShowcaseUser1944;0;0;1
1945;1;showcase;ShowcaseUser1945;0;0;1
1946;1;showcase;ShowcaseUser1946;0;0;1
1947;1;showcase;ShowcaseUser1947;0;0;1
1948;1;showcase;ShowcaseUser1948;0;0;1
1949;1;showcase;ShowcaseUser1949;0;0;1
1950;1;showcase;ShowcaseUser1950;0;0;1
1951;1;showcase;ShowcaseUser1951;0;0;1
1952;1;showcase;ShowcaseUser1952;0;0;1
1953;1;showcase;ShowcaseUser1953;0;0;1
1954;1;showcase;ShowcaseUser1954;0;0;1
1955;1;showcase;ShowcaseUser1955;0;0;1
1956;1;showcase;ShowcaseUser1956;0;0;1
1957;1;showcase;ShowcaseUser1957;0;0;1
1958;1;showcase;ShowcaseUser1958;0;0;1
1959;1;showcase;ShowcaseUser1959;0;0;1
1960;1;showcase;ShowcaseUser1960;0;0;1
1961;1;showcase;ShowcaseUser1961;0;0;1
1962;1;showcase;ShowcaseUser1962;0;0;1
1963;1;showcase;ShowcaseUser1963;0;0;1
1964;1;showcase;ShowcaseUser1964;0;0;1
1965;1;showcase;ShowcaseUser1965;0;0;1
1966;1;showcase;ShowcaseUser1966;0;0;1
1967;1;showcase;ShowcaseUser1967;0;0;1
1968;1;showcase;ShowcaseUser1968;0;0;1
1969;1;showcase;ShowcaseUser1969;0;0;1
1970;1;showcase;ShowcaseUser1970;0;0;1
1971;1;showcase;ShowcaseUser1971;0;0;1
1972;1;showcase;ShowcaseUser1972;0;0;1
1973;1;showcase;ShowcaseUser1973;0;0;1
1974;1;showcase;ShowcaseUser1974;0;0;1
1975;1;showcase;ShowcaseUser1975;0;0;1
1976;1;showcase;ShowcaseUser1976;0;0;1
1977;1;showcase;ShowcaseUser1977;0;0;1
1978;1;showcase;ShowcaseUser1978;0;0;1
1979;1;showcase;ShowcaseUser1979;0;0;1
1980;1;showcase;ShowcaseUser1980;0;0;1
1981;1;showcase;ShowcaseUser1981;0;0;1
1982;1;showcase;ShowcaseUser1982;0;0;1
1983;1;showcase;ShowcaseUser1983;0;0;1
1984;1;showcase;ShowcaseUser1984;0;0;1
1985;1;showcase;ShowcaseUser1985;0;0;1
1986;1;showcase;ShowcaseUser1986;0;0;1
1987;1;showcase;ShowcaseUser1987;0;0;1
1988;1;showcase;ShowcaseUser1988;0;0;1
1989;1;showcase;ShowcaseUser1989;0;0;1
1990;1;showcase;ShowcaseUser1990;0;0;1
1991;1;showcase;ShowcaseUser1991;0;0;1
1992;1;showcase;ShowcaseUser1992;0;0;1
1993;1;showcase;ShowcaseUser1993;0;0;1
1994;1;showcase;ShowcaseUser1994;0;0;1
1995;1;showcase;ShowcaseUser1995;0;0;1
1996;1;showcase;ShowcaseUser1996;0;0;1
1997;1;showcase;ShowcaseUser1997;0;0;1
1998;1;showcase;ShowcaseUser1998;0;0;1
1999;1;showcase;ShowcaseUser1999;0;0;1
2000;1;showcase;ShowcaseUser2000;0;0;1
